0.1,-0.005,,,,,,,,
0.102,0,,,,,,,,
0.104,0.01,,,,,,,,
0.106,0.02,,,,,,,,
0.108,0,,,,,,,,
0.11,-0.005,,,,,,,,
0.112,0.005,,,,,,,,
0.114,0.005,,,,,,,,
0.116,0.01,,,,,,,,
0.118,0.025,,,,,,,,
0.12,0.04,,,,,,,min,0.1
0.122,0.055,,,,,,,max,6.738
0.124,0.06,,,,,,,first,0.1
0.126,0.045,,,,,,,last,6.738
0.128,0.04,,,,,,,,
0.13,0.045,,,,,,,,
0.132,0.04,,,,,,,,
0.134,0.04,,,,,,,,
0.136,0.07,,,,,,,,
0.138,0.075,,,,,,,,
0.14,0.09,,,,,,,,
0.142,0.105,,,,,,,,
0.144,0.105,,,,,,,,
0.146,0.115,,,,,,,,
0.148,0.105,,,,,,,,
0.15,0.1,,,,,,,,
0.152,0.1,,,,,,,,
0.154,0.095,,,,,,,,
0.156,0.125,,,,,,,,
0.158,0.155,,,,,,,,
0.16,0.16,,,,,,,,
0.162,0.16,,,,,,,,
0.164,0.175,,,,,,,,
0.166,0.175,,,,,,,,
0.168,0.155,,,,,,,,
0.17,0.16,,,,,,,,
0.172,0.15,,,,,,,,
0.174,0.15,,,,,,,,
0.176,0.16,,,,,,,,
0.178,0.18,,,,,,,,
0.18,0.19,,,,,,,,
0.182,0.19,,,,,,,,
0.184,0.2,,,,,,,,
0.186,0.19,,,,,,,,
0.188,0.18,,,,,,,,
0.19,0.175,,,,,,,,
0.192,0.165,,,,,,,,
0.194,0.16,,,,,,,,
0.196,0.165,,,,,,,,
0.198,0.155,,,,,,,,
0.2,0.165,,,,,,,,
0.202,0.165,,,,,,,,
0.204,0.17,,,,,,,,
0.206,0.145,,,,,,,,
0.208,0.135,,,,,,,,
0.21,0.11,,,,,,,,
0.212,0.09,,,,,,,,
0.214,0.07,,,,,,,,
0.216,0.075,,,,,,,,
0.218,0.085,,,,,,,,
0.22,0.085,,,,,,,,
0.222,0.07,,,,,,,,
0.224,0.07,,,,,,,,
0.226,0.05,,,,,,,,
0.228,0.04,,,,,,,,
0.23,0.025,,,,,,,,
0.232,0.005,,,,,,,,
0.234,-0.005,,,,,,,,
0.236,0,,,,,,,,
0.238,0,,,,,,,,
0.24,0.005,,,,,,,,
0.242,0.01,,,,,,,,
0.244,0,,,,,,,,
0.246,0.01,,,,,,,,
0.248,0.015,,,,,,,,
0.25,0.03,,,,,,,,
0.252,0.035,,,,,,,,
0.254,0.045,,,,,,,,
0.256,0.065,,,,,,,,
0.258,0.085,,,,,,,,
0.26,0.09,,,,,,,,
0.262,0.12,,,,,,,,
0.264,0.115,,,,,,,,
0.266,0.09,,,,,,,,
0.268,0.085,,,,,,,,
0.27,0.07,,,,,,,,
0.272,0.08,,,,,,,,
0.274,0.08,,,,,,,,
0.276,0.09,,,,,,,,
0.278,0.095,,,,,,,,
0.28,0.11,,,,,,,,
0.282,0.115,,,,,,,,
0.284,0.13,,,,,,,,
0.286,0.115,,,,,,,,
0.288,0.1,,,,,,,,
0.29,0.095,,,,,,,,
0.292,0.095,,,,,,,,
0.294,0.095,,,,,,,,
0.296,0.1,,,,,,,,
0.298,0.11,,,,,,,,
0.3,0.12,,,,,,,,
0.302,0.125,,,,,,,,
0.304,0.14,,,,,,,,
0.306,0.135,,,,,,,,
0.308,0.115,,,,,,,,
0.31,0.115,,,,,,,,
0.312,0.115,,,,,,,,
0.314,0.115,,,,,,,,
0.316,0.125,,,,,,,,
0.318,0.13,,,,,,,,
0.32,0.125,,,,,,,,
0.322,0.14,,,,,,,,
0.324,0.14,,,,,,,,
0.326,0.14,,,,,,,,
0.328,0.13,,,,,,,,
0.33,0.105,,,,,,,,
0.332,0.1,,,,,,,,
0.334,0.1,,,,,,,,
0.336,0.13,,,,,,,,
0.338,0.14,,,,,,,,
0.34,0.135,,,,,,,,
0.342,0.15,,,,,,,,
0.344,0.145,,,,,,,,
0.346,0.13,,,,,,,,
0.348,0.125,,,,,,,,
0.35,0.125,,,,,,,,
0.352,0.115,,,,,,,,
0.354,0.12,,,,,,,,
0.356,0.125,,,,,,,,
0.358,0.14,,,,,,,,
0.36,0.14,,,,,,,,
0.362,0.15,,,,,,,,
0.364,0.145,,,,,,,,
0.366,0.14,,,,,,,,
0.368,0.135,,,,,,,,
0.37,0.14,,,,,,,,
0.372,0.125,,,,,,,,
0.374,0.125,,,,,,,,
0.376,0.135,,,,,,,,
0.378,0.145,,,,,,,,
0.38,0.145,,,,,,,,
0.382,0.14,,,,,,,,
0.384,0.135,,,,,,,,
0.386,0.12,,,,,,,,
0.388,0.12,,,,,,,,
0.39,0.11,,,,,,,,
0.392,0.115,,,,,,,,
0.394,0.12,,,,,,,,
0.396,0.135,,,,,,,,
0.398,0.135,,,,,,,,
0.4,0.13,,,,,,,,
0.402,0.135,,,,,,,,
0.404,0.13,,,,,,,,
0.406,0.11,,,,,,,,
0.408,0.11,,,,,,,,
0.41,0.11,,,,,,,,
0.412,0.105,,,,,,,,
0.414,0.115,,,,,,,,
0.416,0.125,,,,,,,,
0.418,0.13,,,,,,,,
0.42,0.115,,,,,,,,
0.422,0.12,,,,,,,,
0.424,0.115,,,,,,,,
0.426,0.105,,,,,,,,
0.428,0.1,,,,,,,,
0.43,0.105,,,,,,,,
0.432,0.09,,,,,,,,
0.434,0.1,,,,,,,,
0.436,0.105,,,,,,,,
0.438,0.11,,,,,,,,
0.44,0.12,,,,,,,,
0.442,0.135,,,,,,,,
0.444,0.12,,,,,,,,
0.446,0.11,,,,,,,,
0.448,0.095,,,,,,,,
0.45,0.1,,,,,,,,
0.452,0.095,,,,,,,,
0.454,0.1,,,,,,,,
0.456,0.11,,,,,,,,
0.458,0.11,,,,,,,,
0.46,0.115,,,,,,,,
0.462,0.115,,,,,,,,
0.464,0.095,,,,,,,,
0.466,0.08,,,,,,,,
0.468,0.075,,,,,,,,
0.47,0.07,,,,,,,,
0.472,0.07,,,,,,,,
0.474,0.075,,,,,,,,
0.476,0.09,,,,,,,,
0.478,0.085,,,,,,,,
0.48,0.1,,,,,,,,
0.482,0.125,,,,,,,,
0.484,0.11,,,,,,,,
0.486,0.105,,,,,,,,
0.488,0.075,,,,,,,,
0.49,0.08,,,,,,,,
0.492,0.065,,,,,,,,
0.494,0.075,,,,,,,,
0.496,0.08,,,,,,,,
0.498,0.09,,,,,,,,
0.5,0.1,,,,,,,,
0.502,0.115,,,,,,,,
0.504,0.105,,,,,,,,
0.506,0.09,,,,,,,,
0.508,0.085,,,,,,,,
0.51,0.09,,,,,,,,
0.512,0.085,,,,,,,,
0.514,0.095,,,,,,,,
0.516,0.11,,,,,,,,
0.518,0.135,,,,,,,,
0.52,0.13,,,,,,,,
0.522,0.135,,,,,,,,
0.524,0.125,,,,,,,,
0.526,0.12,,,,,,,,
0.528,0.11,,,,,,,,
0.53,0.105,,,,,,,,
0.532,0.095,,,,,,,,
0.534,0.11,,,,,,,,
0.536,0.14,,,,,,,,
0.538,0.135,,,,,,,,
0.54,0.14,,,,,,,,
0.542,0.14,,,,,,,,
0.544,0.13,,,,,,,,
0.546,0.125,,,,,,,,
0.548,0.12,,,,,,,,
0.55,0.105,,,,,,,,
0.552,0.1,,,,,,,,
0.554,0.12,,,,,,,,
0.556,0.15,,,,,,,,
0.558,0.16,,,,,,,,
0.56,0.16,,,,,,,,
0.562,0.17,,,,,,,,
0.564,0.16,,,,,,,,
0.566,0.12,,,,,,,,
0.568,0.115,,,,,,,,
0.57,0.115,,,,,,,,
0.572,0.095,,,,,,,,
0.574,0.095,,,,,,,,
0.576,0.1,,,,,,,,
0.578,0.095,,,,,,,,
0.58,0.09,,,,,,,,
0.582,0.09,,,,,,,,
0.584,0.085,,,,,,,,
0.586,0.055,,,,,,,,
0.588,0.065,,,,,,,,
0.59,0.06,,,,,,,,
0.592,0.065,,,,,,,,
0.594,0.075,,,,,,,,
0.596,0.08,,,,,,,,
0.598,0.08,,,,,,,,
0.6,0.095,,,,,,,,
0.602,0.075,,,,,,,,
0.604,0.055,,,,,,,,
0.606,0.05,,,,,,,,
0.608,0.045,,,,,,,,
0.61,0.035,,,,,,,,
0.612,0.045,,,,,,,,
0.614,0.045,,,,,,,,
0.616,0.055,,,,,,,,
0.618,0.06,,,,,,,,
0.62,0.06,,,,,,,,
0.622,0.06,,,,,,,,
0.624,0.06,,,,,,,,
0.626,0.05,,,,,,,,
0.628,0.035,,,,,,,,
0.63,0.02,,,,,,,,
0.632,0.025,,,,,,,,
0.634,0.035,,,,,,,,
0.636,0.045,,,,,,,,
0.638,0.055,,,,,,,,
0.64,0.06,,,,,,,,
0.642,0.055,,,,,,,,
0.644,0.035,,,,,,,,
0.646,0.025,,,,,,,,
0.648,0.03,,,,,,,,
0.65,0.02,,,,,,,,
0.652,0.03,,,,,,,,
0.654,0.05,,,,,,,,
0.656,0.03,,,,,,,,
0.658,0.04,,,,,,,,
0.66,0.05,,,,,,,,
0.662,0.04,,,,,,,,
0.664,0.025,,,,,,,,
0.666,0,,,,,,,,
0.668,-0.01,,,,,,,,
0.67,-0.025,,,,,,,,
0.672,-0.03,,,,,,,,
0.674,-0.025,,,,,,,,
0.676,-0.015,,,,,,,,
0.678,-0.005,,,,,,,,
0.68,0.03,,,,,,,,
0.682,0.065,,,,,,,,
0.684,0.11,,,,,,,,
0.686,0.16,,,,,,,,
0.688,0.2,,,,,,,,
0.69,0.255,,,,,,,,
0.692,0.335,,,,,,,,
0.694,0.425,,,,,,,,
0.696,0.53,,,,,,,,
0.698,0.645,,,,,,,,
0.7,0.72,,,,,,,,
0.702,0.735,,,,,,,,
0.704,0.685,,,,,,,,
0.706,0.63,,,,,,,,
0.708,0.57,,,,,,,,
0.71,0.485,,,,,,,,
0.712,0.41,,,,,,,,
0.714,0.335,,,,,,,,
0.716,0.23,,,,,,,,
0.718,0.1,,,,,,,,
0.72,0.01,,,,,,,,
0.722,-0.06,,,,,,,,
0.724,-0.1,,,,,,,,
0.726,-0.1,,,,,,,,
0.728,-0.09,,,,,,,,
0.73,-0.085,,,,,,,,
0.732,-0.06,,,,,,,,
0.734,-0.02,,,,,,,,
0.736,0.01,,,,,,,,
0.738,0.035,,,,,,,,
0.74,0.04,,,,,,,,
0.742,0.035,,,,,,,,
0.744,0.015,,,,,,,,
0.746,-0.005,,,,,,,,
0.748,-0.02,,,,,,,,
0.75,-0.025,,,,,,,,
0.752,-0.01,,,,,,,,
0.754,0,,,,,,,,
0.756,0.005,,,,,,,,
0.758,0.025,,,,,,,,
0.76,0.025,,,,,,,,
0.762,0.02,,,,,,,,
0.764,0,,,,,,,,
0.766,0.005,,,,,,,,
0.768,-0.015,,,,,,,,
0.77,-0.02,,,,,,,,
0.772,-0.01,,,,,,,,
0.774,-0.01,,,,,,,,
0.776,0,,,,,,,,
0.778,0.01,,,,,,,,
0.78,0,,,,,,,,
0.782,0.005,,,,,,,,
0.784,0.005,,,,,,,,
0.786,-0.005,,,,,,,,
0.788,0,,,,,,,,
0.79,-0.01,,,,,,,,
0.792,0,,,,,,,,
0.794,0.015,,,,,,,,
0.796,0.02,,,,,,,,
0.798,0.025,,,,,,,,
0.8,0.04,,,,,,,,
0.802,0.025,,,,,,,,
0.804,0.01,,,,,,,,
0.806,0,,,,,,,,
0.808,-0.005,,,,,,,,
0.81,-0.005,,,,,,,,
0.812,0.005,,,,,,,,
0.814,0.025,,,,,,,,
0.816,0.025,,,,,,,,
0.818,0.03,,,,,,,,
0.82,0.025,,,,,,,,
0.822,0.01,,,,,,,,
0.824,0.02,,,,,,,,
0.826,0.005,,,,,,,,
0.828,0.01,,,,,,,,
0.83,0.005,,,,,,,,
0.832,0.015,,,,,,,,
0.834,0.02,,,,,,,,
0.836,0.035,,,,,,,,
0.838,0.04,,,,,,,,
0.84,0.05,,,,,,,,
0.842,0.05,,,,,,,,
0.844,0.045,,,,,,,,
0.846,0.04,,,,,,,,
0.848,0.025,,,,,,,,
0.85,0.03,,,,,,,,
0.852,0.03,,,,,,,,
0.854,0.04,,,,,,,,
0.856,0.045,,,,,,,,
0.858,0.055,,,,,,,,
0.86,0.06,,,,,,,,
0.862,0.065,,,,,,,,
0.864,0.065,,,,,,,,
0.866,0.07,,,,,,,,
0.868,0.07,,,,,,,,
0.87,0.065,,,,,,,,
0.872,0.08,,,,,,,,
0.874,0.095,,,,,,,,
0.876,0.105,,,,,,,,
0.878,0.105,,,,,,,,
0.88,0.12,,,,,,,,
0.882,0.115,,,,,,,,
0.884,0.115,,,,,,,,
0.886,0.11,,,,,,,,
0.888,0.1,,,,,,,,
0.89,0.1,,,,,,,,
0.892,0.115,,,,,,,,
0.894,0.13,,,,,,,,
0.896,0.15,,,,,,,,
0.898,0.155,,,,,,,,
0.9,0.16,,,,,,,,
0.902,0.15,,,,,,,,
0.904,0.16,,,,,,,,
0.906,0.165,,,,,,,,
0.908,0.155,,,,,,,,
0.91,0.16,,,,,,,,
0.912,0.175,,,,,,,,
0.914,0.2,,,,,,,,
0.916,0.205,,,,,,,,
0.918,0.21,,,,,,,,
0.92,0.205,,,,,,,,
0.922,0.195,,,,,,,,
0.924,0.185,,,,,,,,
0.926,0.18,,,,,,,,
0.928,0.18,,,,,,,,
0.93,0.18,,,,,,,,
0.932,0.18,,,,,,,,
0.934,0.2,,,,,,,,
0.936,0.205,,,,,,,,
0.938,0.205,,,,,,,,
0.94,0.195,,,,,,,,
0.942,0.17,,,,,,,,
0.944,0.15,,,,,,,,
0.946,0.135,,,,,,,,
0.948,0.13,,,,,,,,
0.95,0.125,,,,,,,,
0.952,0.13,,,,,,,,
0.954,0.115,,,,,,,,
0.956,0.13,,,,,,,,
0.958,0.13,,,,,,,,
0.96,0.115,,,,,,,,
0.962,0.095,,,,,,,,
0.964,0.08,,,,,,,,
0.966,0.07,,,,,,,,
0.968,0.055,,,,,,,,
0.97,0.03,,,,,,,,
0.972,0.015,,,,,,,,
0.974,0.025,,,,,,,,
0.976,0.025,,,,,,,,
0.978,0.02,,,,,,,,
0.98,0.01,,,,,,,,
0.982,-0.005,,,,,,,,
0.984,-0.02,,,,,,,,
0.986,-0.025,,,,,,,,
0.988,-0.035,,,,,,,,
0.99,-0.03,,,,,,,,
0.992,-0.01,,,,,,,,
0.994,0,,,,,,,,
0.996,-0.01,,,,,,,,
0.998,-0.005,,,,,,,,
1,-0.01,,,,,,,,
1.002,-0.03,,,,,,,,
1.004,-0.04,,,,,,,,
1.006,-0.055,,,,,,,,
1.008,-0.065,,,,,,,,
1.01,-0.055,,,,,,,,
1.012,-0.04,,,,,,,,
1.014,-0.045,,,,,,,,
1.016,-0.025,,,,,,,,
1.018,-0.035,,,,,,,,
1.02,-0.03,,,,,,,,
1.022,-0.05,,,,,,,,
1.024,-0.055,,,,,,,,
1.026,-0.06,,,,,,,,
1.028,-0.06,,,,,,,,
1.03,-0.045,,,,,,,,
1.032,-0.045,,,,,,,,
1.034,-0.035,,,,,,,,
1.036,-0.02,,,,,,,,
1.038,-0.03,,,,,,,,
1.04,-0.03,,,,,,,,
1.042,-0.05,,,,,,,,
1.044,-0.055,,,,,,,,
1.046,-0.055,,,,,,,,
1.048,-0.06,,,,,,,,
1.05,-0.055,,,,,,,,
1.052,-0.05,,,,,,,,
1.054,-0.04,,,,,,,,
1.056,-0.055,,,,,,,,
1.058,-0.03,,,,,,,,
1.06,-0.055,,,,,,,,
1.062,-0.05,,,,,,,,
1.064,-0.05,,,,,,,,
1.066,-0.06,,,,,,,,
1.068,-0.06,,,,,,,,
1.07,-0.045,,,,,,,,
1.072,-0.04,,,,,,,,
1.074,-0.04,,,,,,,,
1.076,-0.04,,,,,,,,
1.078,-0.04,,,,,,,,
1.08,-0.05,,,,,,,,
1.082,-0.055,,,,,,,,
1.084,-0.055,,,,,,,,
1.086,-0.06,,,,,,,,
1.088,-0.055,,,,,,,,
1.09,-0.03,,,,,,,,
1.092,-0.03,,,,,,,,
1.094,-0.025,,,,,,,,
1.096,-0.02,,,,,,,,
1.098,-0.015,,,,,,,,
1.1,-0.025,,,,,,,,
1.102,-0.035,,,,,,,,
1.104,-0.045,,,,,,,,
1.106,-0.05,,,,,,,,
1.108,-0.055,,,,,,,,
1.11,-0.045,,,,,,,,
1.112,-0.04,,,,,,,,
1.114,-0.02,,,,,,,,
1.116,-0.015,,,,,,,,
1.118,-0.01,,,,,,,,
1.12,-0.015,,,,,,,,
1.122,-0.02,,,,,,,,
1.124,-0.03,,,,,,,,
1.126,-0.035,,,,,,,,
1.128,-0.04,,,,,,,,
1.13,-0.03,,,,,,,,
1.132,-0.03,,,,,,,,
1.134,-0.025,,,,,,,,
1.136,-0.015,,,,,,,,
1.138,-0.015,,,,,,,,
1.14,-0.025,,,,,,,,
1.142,-0.02,,,,,,,,
1.144,-0.035,,,,,,,,
1.146,-0.04,,,,,,,,
1.148,-0.045,,,,,,,,
1.15,-0.045,,,,,,,,
1.152,-0.03,,,,,,,,
1.154,-0.025,,,,,,,,
1.156,-0.005,,,,,,,,
1.158,-0.01,,,,,,,,
1.16,-0.03,,,,,,,,
1.162,-0.03,,,,,,,,
1.164,-0.035,,,,,,,,
1.166,-0.05,,,,,,,,
1.168,-0.06,,,,,,,,
1.17,-0.04,,,,,,,,
1.172,-0.04,,,,,,,,
1.174,-0.03,,,,,,,,
1.176,-0.02,,,,,,,,
1.178,-0.025,,,,,,,,
1.18,-0.04,,,,,,,,
1.182,-0.045,,,,,,,,
1.184,-0.02,,,,,,,,
1.186,-0.05,,,,,,,,
1.188,-0.055,,,,,,,,
1.19,-0.04,,,,,,,,
1.192,-0.03,,,,,,,,
1.194,-0.035,,,,,,,,
1.196,-0.015,,,,,,,,
1.198,-0.02,,,,,,,,
1.2,-0.04,,,,,,,,
1.202,-0.05,,,,,,,,
1.204,-0.055,,,,,,,,
1.206,-0.06,,,,,,,,
1.208,-0.06,,,,,,,,
1.21,-0.055,,,,,,,,
1.212,-0.04,,,,,,,,
1.214,-0.04,,,,,,,,
1.216,-0.035,,,,,,,,
1.218,-0.02,,,,,,,,
1.22,-0.035,,,,,,,,
1.222,-0.045,,,,,,,,
1.224,-0.05,,,,,,,,
1.226,-0.07,,,,,,,,
1.228,-0.07,,,,,,,,
1.23,-0.05,,,,,,,,
1.232,-0.045,,,,,,,,
1.234,-0.035,,,,,,,,
1.236,-0.035,,,,,,,,
1.238,-0.035,,,,,,,,
1.24,-0.045,,,,,,,,
1.242,-0.055,,,,,,,,
1.244,-0.05,,,,,,,,
1.246,-0.05,,,,,,,,
1.248,-0.04,,,,,,,,
1.25,-0.035,,,,,,,,
1.252,-0.025,,,,,,,,
1.254,-0.005,,,,,,,,
1.256,-0.01,,,,,,,,
1.258,-0.025,,,,,,,,
1.26,-0.04,,,,,,,,
1.262,-0.03,,,,,,,,
1.264,-0.035,,,,,,,,
1.266,-0.04,,,,,,,,
1.268,-0.04,,,,,,,,
1.27,-0.025,,,,,,,,
1.272,-0.015,,,,,,,,
1.274,-0.01,,,,,,,,
1.276,0.015,,,,,,,,
1.278,-0.005,,,,,,,,
1.28,-0.005,,,,,,,,
1.282,-0.015,,,,,,,,
1.284,-0.02,,,,,,,,
1.286,-0.025,,,,,,,,
1.288,-0.025,,,,,,,,
1.29,-0.01,,,,,,,,
1.292,0.005,,,,,,,,
1.294,0.015,,,,,,,,
1.296,0.02,,,,,,,,
1.298,0.015,,,,,,,,
1.3,0.005,,,,,,,,
1.302,0.005,,,,,,,,
1.304,0,,,,,,,,
1.306,0,,,,,,,,
1.308,0,,,,,,,,
1.31,0,,,,,,,,
1.312,0.005,,,,,,,,
1.314,0.02,,,,,,,,
1.316,0.03,,,,,,,,
1.318,0.02,,,,,,,,
1.32,-0.01,,,,,,,,
1.322,-0.025,,,,,,,,
1.324,-0.035,,,,,,,,
1.326,-0.055,,,,,,,,
1.328,-0.05,,,,,,,,
1.33,-0.045,,,,,,,,
1.332,-0.04,,,,,,,,
1.334,-0.045,,,,,,,,
1.336,-0.025,,,,,,,,
1.338,-0.035,,,,,,,,
1.34,-0.06,,,,,,,,
1.342,-0.06,,,,,,,,
1.344,-0.07,,,,,,,,
1.346,-0.08,,,,,,,,
1.348,-0.065,,,,,,,,
1.35,-0.055,,,,,,,,
1.352,-0.05,,,,,,,,
1.354,-0.05,,,,,,,,
1.356,-0.035,,,,,,,,
1.358,-0.055,,,,,,,,
1.36,-0.055,,,,,,,,
1.362,-0.06,,,,,,,,
1.364,-0.065,,,,,,,,
1.366,-0.065,,,,,,,,
1.368,-0.06,,,,,,,,
1.37,-0.065,,,,,,,,
1.372,-0.065,,,,,,,,
1.374,-0.065,,,,,,,,
1.376,-0.065,,,,,,,,
1.378,-0.065,,,,,,,,
1.38,-0.08,,,,,,,,
1.382,-0.085,,,,,,,,
1.384,-0.08,,,,,,,,
1.386,-0.1,,,,,,,,
1.388,-0.09,,,,,,,,
1.39,-0.08,,,,,,,,
1.392,-0.06,,,,,,,,
1.394,-0.045,,,,,,,,
1.396,-0.045,,,,,,,,
1.398,-0.055,,,,,,,,
1.4,-0.06,,,,,,,,
1.402,-0.085,,,,,,,,
1.404,-0.085,,,,,,,,
1.406,-0.1,,,,,,,,
1.408,-0.1,,,,,,,,
1.41,-0.08,,,,,,,,
1.412,-0.075,,,,,,,,
1.414,-0.07,,,,,,,,
1.416,-0.075,,,,,,,,
1.418,-0.095,,,,,,,,
1.42,-0.105,,,,,,,,
1.422,-0.115,,,,,,,,
1.424,-0.14,,,,,,,,
1.426,-0.155,,,,,,,,
1.428,-0.135,,,,,,,,
1.43,-0.105,,,,,,,,
1.432,-0.045,,,,,,,,
1.434,0.02,,,,,,,,
1.436,0.075,,,,,,,,
1.438,0.125,,,,,,,,
1.44,0.17,,,,,,,,
1.442,0.225,,,,,,,,
1.444,0.275,,,,,,,,
1.446,0.39,,,,,,,,
1.448,0.515,,,,,,,,
1.45,0.64,,,,,,,,
1.452,0.69,,,,,,,,
1.454,0.66,,,,,,,,
1.456,0.615,,,,,,,,
1.458,0.555,,,,,,,,
1.46,0.485,,,,,,,,
1.462,0.39,,,,,,,,
1.464,0.305,,,,,,,,
1.466,0.195,,,,,,,,
1.468,0.085,,,,,,,,
1.47,-0.03,,,,,,,,
1.472,-0.115,,,,,,,,
1.474,-0.155,,,,,,,,
1.476,-0.145,,,,,,,,
1.478,-0.125,,,,,,,,
1.48,-0.115,,,,,,,,
1.482,-0.11,,,,,,,,
1.484,-0.085,,,,,,,,
1.486,-0.05,,,,,,,,
1.488,-0.055,,,,,,,,
1.49,-0.03,,,,,,,,
1.492,-0.035,,,,,,,,
1.494,-0.045,,,,,,,,
1.496,-0.04,,,,,,,,
1.498,-0.04,,,,,,,,
1.5,-0.065,,,,,,,,
1.502,-0.07,,,,,,,,
1.504,-0.08,,,,,,,,
1.506,-0.075,,,,,,,,
1.508,-0.07,,,,,,,,
1.51,-0.06,,,,,,,,
1.512,-0.05,,,,,,,,
1.514,-0.03,,,,,,,,
1.516,-0.045,,,,,,,,
1.518,-0.045,,,,,,,,
1.52,-0.055,,,,,,,,
1.522,-0.06,,,,,,,,
1.524,-0.055,,,,,,,,
1.526,-0.06,,,,,,,,
1.528,-0.04,,,,,,,,
1.53,-0.035,,,,,,,,
1.532,-0.025,,,,,,,,
1.534,-0.01,,,,,,,,
1.536,-0.025,,,,,,,,
1.538,-0.045,,,,,,,,
1.54,-0.05,,,,,,,,
1.542,-0.055,,,,,,,,
1.544,-0.05,,,,,,,,
1.546,-0.055,,,,,,,,
1.548,-0.03,,,,,,,,
1.55,-0.025,,,,,,,,
1.552,-0.02,,,,,,,,
1.554,-0.01,,,,,,,,
1.556,-0.01,,,,,,,,
1.558,-0.02,,,,,,,,
1.56,-0.03,,,,,,,,
1.562,-0.025,,,,,,,,
1.564,-0.02,,,,,,,,
1.566,-0.015,,,,,,,,
1.568,0.005,,,,,,,,
1.57,0.02,,,,,,,,
1.572,0.025,,,,,,,,
1.574,0.025,,,,,,,,
1.576,0.015,,,,,,,,
1.578,0.005,,,,,,,,
1.58,-0.01,,,,,,,,
1.582,-0.01,,,,,,,,
1.584,-0.01,,,,,,,,
1.586,0.01,,,,,,,,
1.588,0.015,,,,,,,,
1.59,0.025,,,,,,,,
1.592,0.045,,,,,,,,
1.594,0.06,,,,,,,,
1.596,0.065,,,,,,,,
1.598,0.05,,,,,,,,
1.6,0.04,,,,,,,,
1.602,0.045,,,,,,,,
1.604,0.04,,,,,,,,
1.606,0.045,,,,,,,,
1.608,0.045,,,,,,,,
1.61,0.06,,,,,,,,
1.612,0.065,,,,,,,,
1.614,0.07,,,,,,,,
1.616,0.065,,,,,,,,
1.618,0.065,,,,,,,,
1.62,0.065,,,,,,,,
1.622,0.065,,,,,,,,
1.624,0.075,,,,,,,,
1.626,0.08,,,,,,,,
1.628,0.1,,,,,,,,
1.63,0.115,,,,,,,,
1.632,0.125,,,,,,,,
1.634,0.13,,,,,,,,
1.636,0.14,,,,,,,,
1.638,0.14,,,,,,,,
1.64,0.15,,,,,,,,
1.642,0.135,,,,,,,,
1.644,0.13,,,,,,,,
1.646,0.14,,,,,,,,
1.648,0.17,,,,,,,,
1.65,0.175,,,,,,,,
1.652,0.19,,,,,,,,
1.654,0.2,,,,,,,,
1.656,0.205,,,,,,,,
1.658,0.19,,,,,,,,
1.66,0.2,,,,,,,,
1.662,0.2,,,,,,,,
1.664,0.195,,,,,,,,
1.666,0.21,,,,,,,,
1.668,0.225,,,,,,,,
1.67,0.235,,,,,,,,
1.672,0.23,,,,,,,,
1.674,0.24,,,,,,,,
1.676,0.225,,,,,,,,
1.678,0.225,,,,,,,,
1.68,0.205,,,,,,,,
1.682,0.2,,,,,,,,
1.684,0.19,,,,,,,,
1.686,0.19,,,,,,,,
1.688,0.205,,,,,,,,
1.69,0.205,,,,,,,,
1.692,0.22,,,,,,,,
1.694,0.23,,,,,,,,
1.696,0.205,,,,,,,,
1.698,0.195,,,,,,,,
1.7,0.175,,,,,,,,
1.702,0.165,,,,,,,,
1.704,0.155,,,,,,,,
1.706,0.15,,,,,,,,
1.708,0.14,,,,,,,,
1.71,0.135,,,,,,,,
1.712,0.13,,,,,,,,
1.714,0.11,,,,,,,,
1.716,0.105,,,,,,,,
1.718,0.085,,,,,,,,
1.72,0.075,,,,,,,,
1.722,0.065,,,,,,,,
1.724,0.06,,,,,,,,
1.726,0.065,,,,,,,,
1.728,0.06,,,,,,,,
1.73,0.06,,,,,,,,
1.732,0.05,,,,,,,,
1.734,0.045,,,,,,,,
1.736,0.04,,,,,,,,
1.738,0.02,,,,,,,,
1.74,0.01,,,,,,,,
1.742,0,,,,,,,,
1.744,0,,,,,,,,
1.746,0.01,,,,,,,,
1.748,0.015,,,,,,,,
1.75,0.01,,,,,,,,
1.752,0.02,,,,,,,,
1.754,0.01,,,,,,,,
1.756,0,,,,,,,,
1.758,-0.02,,,,,,,,
1.76,-0.02,,,,,,,,
1.762,-0.04,,,,,,,,
1.764,-0.035,,,,,,,,
1.766,-0.025,,,,,,,,
1.768,-0.015,,,,,,,,
1.77,-0.005,,,,,,,,
1.772,0.005,,,,,,,,
1.774,-0.005,,,,,,,,
1.776,-0.02,,,,,,,,
1.778,-0.025,,,,,,,,
1.78,-0.025,,,,,,,,
1.782,-0.025,,,,,,,,
1.784,-0.025,,,,,,,,
1.786,-0.025,,,,,,,,
1.788,-0.01,,,,,,,,
1.79,0.005,,,,,,,,
1.792,0.015,,,,,,,,
1.794,0.01,,,,,,,,
1.796,0.005,,,,,,,,
1.798,-0.02,,,,,,,,
1.8,-0.015,,,,,,,,
1.802,-0.015,,,,,,,,
1.804,-0.02,,,,,,,,
1.806,-0.025,,,,,,,,
1.808,-0.02,,,,,,,,
1.81,-0.02,,,,,,,,
1.812,0,,,,,,,,
1.814,0.015,,,,,,,,
1.816,-0.005,,,,,,,,
1.818,-0.01,,,,,,,,
1.82,-0.02,,,,,,,,
1.822,-0.03,,,,,,,,
1.824,-0.03,,,,,,,,
1.826,-0.015,,,,,,,,
1.828,0,,,,,,,,
1.83,0.01,,,,,,,,
1.832,0.015,,,,,,,,
1.834,0.015,,,,,,,,
1.836,-0.005,,,,,,,,
1.838,-0.01,,,,,,,,
1.84,-0.035,,,,,,,,
1.842,-0.025,,,,,,,,
1.844,-0.025,,,,,,,,
1.846,-0.02,,,,,,,,
1.848,0.005,,,,,,,,
1.85,0.015,,,,,,,,
1.852,0.02,,,,,,,,
1.854,0.025,,,,,,,,
1.856,0,,,,,,,,
1.858,-0.01,,,,,,,,
1.86,-0.025,,,,,,,,
1.862,-0.035,,,,,,,,
1.864,-0.02,,,,,,,,
1.866,-0.01,,,,,,,,
1.868,0.005,,,,,,,,
1.87,0.005,,,,,,,,
1.872,0.01,,,,,,,,
1.874,0.015,,,,,,,,
1.876,0,,,,,,,,
1.878,-0.005,,,,,,,,
1.88,-0.02,,,,,,,,
1.882,-0.025,,,,,,,,
1.884,-0.025,,,,,,,,
1.886,-0.015,,,,,,,,
1.888,0,,,,,,,,
1.89,0.005,,,,,,,,
1.892,0.015,,,,,,,,
1.894,0.02,,,,,,,,
1.896,0,,,,,,,,
1.898,-0.015,,,,,,,,
1.9,-0.02,,,,,,,,
1.902,-0.03,,,,,,,,
1.904,-0.025,,,,,,,,
1.906,-0.005,,,,,,,,
1.908,-0.005,,,,,,,,
1.91,0,,,,,,,,
1.912,0.01,,,,,,,,
1.914,0.015,,,,,,,,
1.916,0.005,,,,,,,,
1.918,-0.01,,,,,,,,
1.92,-0.015,,,,,,,,
1.922,-0.02,,,,,,,,
1.924,-0.015,,,,,,,,
1.926,-0.005,,,,,,,,
1.928,-0.005,,,,,,,,
1.93,-0.005,,,,,,,,
1.932,-0.01,,,,,,,,
1.934,-0.01,,,,,,,,
1.936,-0.01,,,,,,,,
1.938,-0.015,,,,,,,,
1.94,-0.025,,,,,,,,
1.942,-0.025,,,,,,,,
1.944,-0.02,,,,,,,,
1.946,-0.01,,,,,,,,
1.948,-0.01,,,,,,,,
1.95,-0.005,,,,,,,,
1.952,-0.005,,,,,,,,
1.954,-0.01,,,,,,,,
1.956,-0.025,,,,,,,,
1.958,-0.025,,,,,,,,
1.96,-0.025,,,,,,,,
1.962,-0.035,,,,,,,,
1.964,-0.03,,,,,,,,
1.966,-0.02,,,,,,,,
1.968,-0.01,,,,,,,,
1.97,-0.005,,,,,,,,
1.972,-0.01,,,,,,,,
1.974,-0.015,,,,,,,,
1.976,-0.025,,,,,,,,
1.978,-0.03,,,,,,,,
1.98,-0.035,,,,,,,,
1.982,-0.04,,,,,,,,
1.984,-0.025,,,,,,,,
1.986,-0.02,,,,,,,,
1.988,-0.015,,,,,,,,
1.99,-0.005,,,,,,,,
1.992,0,,,,,,,,
1.994,-0.01,,,,,,,,
1.996,-0.025,,,,,,,,
1.998,-0.03,,,,,,,,
2,-0.045,,,,,,,,
2.002,-0.045,,,,,,,,
2.004,-0.045,,,,,,,,
2.006,-0.035,,,,,,,,
2.008,-0.04,,,,,,,,
2.01,-0.025,,,,,,,,
2.012,-0.01,,,,,,,,
2.014,-0.025,,,,,,,,
2.016,-0.04,,,,,,,,
2.018,-0.04,,,,,,,,
2.02,-0.03,,,,,,,,
2.022,-0.035,,,,,,,,
2.024,-0.04,,,,,,,,
2.026,-0.025,,,,,,,,
2.028,-0.02,,,,,,,,
2.03,-0.015,,,,,,,,
2.032,-0.005,,,,,,,,
2.034,-0.01,,,,,,,,
2.036,-0.025,,,,,,,,
2.038,-0.04,,,,,,,,
2.04,-0.045,,,,,,,,
2.042,-0.04,,,,,,,,
2.044,-0.02,,,,,,,,
2.046,-0.015,,,,,,,,
2.048,-0.01,,,,,,,,
2.05,0,,,,,,,,
2.052,-0.005,,,,,,,,
2.054,-0.01,,,,,,,,
2.056,-0.01,,,,,,,,
2.058,-0.015,,,,,,,,
2.06,0,,,,,,,,
2.062,0.01,,,,,,,,
2.064,0.025,,,,,,,,
2.066,0.065,,,,,,,,
2.068,0.07,,,,,,,,
2.07,0.085,,,,,,,,
2.072,0.1,,,,,,,,
2.074,0.1,,,,,,,,
2.076,0.09,,,,,,,,
2.078,0.09,,,,,,,,
2.08,0.095,,,,,,,,
2.082,0.085,,,,,,,,
2.084,0.1,,,,,,,,
2.086,0.105,,,,,,,,
2.088,0.11,,,,,,,,
2.09,0.12,,,,,,,,
2.092,0.125,,,,,,,,
2.094,0.13,,,,,,,,
2.096,0.145,,,,,,,,
2.098,0.155,,,,,,,,
2.1,0.145,,,,,,,,
2.102,0.135,,,,,,,,
2.104,0.15,,,,,,,,
2.106,0.165,,,,,,,,
2.108,0.18,,,,,,,,
2.11,0.185,,,,,,,,
2.112,0.175,,,,,,,,
2.114,0.17,,,,,,,,
2.116,0.165,,,,,,,,
2.118,0.175,,,,,,,,
2.12,0.17,,,,,,,,
2.122,0.16,,,,,,,,
2.124,0.17,,,,,,,,
2.126,0.17,,,,,,,,
2.128,0.17,,,,,,,,
2.13,0.165,,,,,,,,
2.132,0.16,,,,,,,,
2.134,0.15,,,,,,,,
2.136,0.135,,,,,,,,
2.138,0.115,,,,,,,,
2.14,0.115,,,,,,,,
2.142,0.105,,,,,,,,
2.144,0.11,,,,,,,,
2.146,0.12,,,,,,,,
2.148,0.125,,,,,,,,
2.15,0.13,,,,,,,,
2.152,0.14,,,,,,,,
2.154,0.125,,,,,,,,
2.156,0.125,,,,,,,,
2.158,0.12,,,,,,,,
2.16,0.11,,,,,,,,
2.162,0.095,,,,,,,,
2.164,0.095,,,,,,,,
2.166,0.095,,,,,,,,
2.168,0.105,,,,,,,,
2.17,0.115,,,,,,,,
2.172,0.12,,,,,,,,
2.174,0.105,,,,,,,,
2.176,0.095,,,,,,,,
2.178,0.08,,,,,,,,
2.18,0.075,,,,,,,,
2.182,0.075,,,,,,,,
2.184,0.09,,,,,,,,
2.186,0.11,,,,,,,,
2.188,0.115,,,,,,,,
2.19,0.12,,,,,,,,
2.192,0.125,,,,,,,,
2.194,0.095,,,,,,,,
2.196,0.08,,,,,,,,
2.198,0.07,,,,,,,,
2.2,0.06,,,,,,,,
2.202,0.085,,,,,,,,
2.204,0.1,,,,,,,,
2.206,0.1,,,,,,,,
2.208,0.105,,,,,,,,
2.21,0.115,,,,,,,,
2.212,0.105,,,,,,,,
2.214,0.095,,,,,,,,
2.216,0.085,,,,,,,,
2.218,0.075,,,,,,,,
2.22,0.07,,,,,,,,
2.222,0.08,,,,,,,,
2.224,0.075,,,,,,,,
2.226,0.08,,,,,,,,
2.228,0.09,,,,,,,,
2.23,0.08,,,,,,,,
2.232,0.09,,,,,,,,
2.234,0.055,,,,,,,,
2.236,0.045,,,,,,,,
2.238,0.02,,,,,,,,
2.24,0.02,,,,,,,,
2.242,0.04,,,,,,,,
2.244,0.07,,,,,,,,
2.246,0.115,,,,,,,,
2.248,0.175,,,,,,,,
2.25,0.235,,,,,,,,
2.252,0.28,,,,,,,,
2.254,0.325,,,,,,,,
2.256,0.385,,,,,,,,
2.258,0.445,,,,,,,,
2.26,0.555,,,,,,,,
2.262,0.68,,,,,,,,
2.264,0.82,,,,,,,,
2.266,0.89,,,,,,,,
2.268,0.86,,,,,,,,
2.27,0.84,,,,,,,,
2.272,0.775,,,,,,,,
2.274,0.695,,,,,,,,
2.276,0.595,,,,,,,,
2.278,0.505,,,,,,,,
2.28,0.395,,,,,,,,
2.282,0.265,,,,,,,,
2.284,0.155,,,,,,,,
2.286,0.05,,,,,,,,
2.288,0.01,,,,,,,,
2.29,0.035,,,,,,,,
2.292,0.04,,,,,,,,
2.294,0.04,,,,,,,,
2.296,0.055,,,,,,,,
2.298,0.06,,,,,,,,
2.3,0.075,,,,,,,,
2.302,0.095,,,,,,,,
2.304,0.12,,,,,,,,
2.306,0.13,,,,,,,,
2.308,0.125,,,,,,,,
2.31,0.13,,,,,,,,
2.312,0.12,,,,,,,,
2.314,0.105,,,,,,,,
2.316,0.09,,,,,,,,
2.318,0.085,,,,,,,,
2.32,0.09,,,,,,,,
2.322,0.105,,,,,,,,
2.324,0.11,,,,,,,,
2.326,0.11,,,,,,,,
2.328,0.12,,,,,,,,
2.33,0.13,,,,,,,,
2.332,0.125,,,,,,,,
2.334,0.11,,,,,,,,
2.336,0.09,,,,,,,,
2.338,0.075,,,,,,,,
2.34,0.08,,,,,,,,
2.342,0.095,,,,,,,,
2.344,0.115,,,,,,,,
2.346,0.115,,,,,,,,
2.348,0.115,,,,,,,,
2.35,0.14,,,,,,,,
2.352,0.11,,,,,,,,
2.354,0.1,,,,,,,,
2.356,0.095,,,,,,,,
2.358,0.085,,,,,,,,
2.36,0.1,,,,,,,,
2.362,0.12,,,,,,,,
2.364,0.13,,,,,,,,
2.366,0.135,,,,,,,,
2.368,0.14,,,,,,,,
2.37,0.145,,,,,,,,
2.372,0.13,,,,,,,,
2.374,0.115,,,,,,,,
2.376,0.11,,,,,,,,
2.378,0.105,,,,,,,,
2.38,0.11,,,,,,,,
2.382,0.13,,,,,,,,
2.384,0.14,,,,,,,,
2.386,0.15,,,,,,,,
2.388,0.155,,,,,,,,
2.39,0.165,,,,,,,,
2.392,0.135,,,,,,,,
2.394,0.115,,,,,,,,
2.396,0.11,,,,,,,,
2.398,0.115,,,,,,,,
2.4,0.11,,,,,,,,
2.402,0.13,,,,,,,,
2.404,0.135,,,,,,,,
2.406,0.14,,,,,,,,
2.408,0.155,,,,,,,,
2.41,0.165,,,,,,,,
2.412,0.16,,,,,,,,
2.414,0.15,,,,,,,,
2.416,0.145,,,,,,,,
2.418,0.145,,,,,,,,
2.42,0.135,,,,,,,,
2.422,0.14,,,,,,,,
2.424,0.165,,,,,,,,
2.426,0.17,,,,,,,,
2.428,0.175,,,,,,,,
2.43,0.17,,,,,,,,
2.432,0.17,,,,,,,,
2.434,0.165,,,,,,,,
2.436,0.175,,,,,,,,
2.438,0.16,,,,,,,,
2.44,0.165,,,,,,,,
2.442,0.18,,,,,,,,
2.444,0.21,,,,,,,,
2.446,0.215,,,,,,,,
2.448,0.225,,,,,,,,
2.45,0.225,,,,,,,,
2.452,0.215,,,,,,,,
2.454,0.21,,,,,,,,
2.456,0.22,,,,,,,,
2.458,0.2,,,,,,,,
2.46,0.225,,,,,,,,
2.462,0.25,,,,,,,,
2.464,0.255,,,,,,,,
2.466,0.26,,,,,,,,
2.468,0.27,,,,,,,,
2.47,0.27,,,,,,,,
2.472,0.27,,,,,,,,
2.474,0.265,,,,,,,,
2.476,0.265,,,,,,,,
2.478,0.25,,,,,,,,
2.48,0.265,,,,,,,,
2.482,0.265,,,,,,,,
2.484,0.28,,,,,,,,
2.486,0.295,,,,,,,,
2.488,0.295,,,,,,,,
2.49,0.29,,,,,,,,
2.492,0.29,,,,,,,,
2.494,0.285,,,,,,,,
2.496,0.28,,,,,,,,
2.498,0.26,,,,,,,,
2.5,0.26,,,,,,,,
2.502,0.255,,,,,,,,
2.504,0.26,,,,,,,,
2.506,0.26,,,,,,,,
2.508,0.27,,,,,,,,
2.51,0.26,,,,,,,,
2.512,0.235,,,,,,,,
2.514,0.22,,,,,,,,
2.516,0.19,,,,,,,,
2.518,0.17,,,,,,,,
2.52,0.17,,,,,,,,
2.522,0.15,,,,,,,,
2.524,0.155,,,,,,,,
2.526,0.16,,,,,,,,
2.528,0.15,,,,,,,,
2.53,0.13,,,,,,,,
2.532,0.12,,,,,,,,
2.534,0.095,,,,,,,,
2.536,0.095,,,,,,,,
2.538,0.075,,,,,,,,
2.54,0.08,,,,,,,,
2.542,0.075,,,,,,,,
2.544,0.075,,,,,,,,
2.546,0.065,,,,,,,,
2.548,0.065,,,,,,,,
2.55,0.035,,,,,,,,
2.552,0.03,,,,,,,,
2.554,0.02,,,,,,,,
2.556,0.015,,,,,,,,
2.558,-0.005,,,,,,,,
2.56,0,,,,,,,,
2.562,0.01,,,,,,,,
2.564,0.01,,,,,,,,
2.566,0.01,,,,,,,,
2.568,0.03,,,,,,,,
2.57,0.015,,,,,,,,
2.572,0.005,,,,,,,,
2.574,-0.01,,,,,,,,
2.576,-0.02,,,,,,,,
2.578,-0.03,,,,,,,,
2.58,-0.02,,,,,,,,
2.582,-0.015,,,,,,,,
2.584,-0.01,,,,,,,,
2.586,-0.005,,,,,,,,
2.588,0.01,,,,,,,,
2.59,-0.01,,,,,,,,
2.592,-0.005,,,,,,,,
2.594,-0.025,,,,,,,,
2.596,-0.055,,,,,,,,
2.598,-0.04,,,,,,,,
2.6,-0.035,,,,,,,,
2.602,-0.01,,,,,,,,
2.604,0,,,,,,,,
2.606,0.005,,,,,,,,
2.608,0.005,,,,,,,,
2.61,-0.005,,,,,,,,
2.612,-0.03,,,,,,,,
2.614,-0.035,,,,,,,,
2.616,-0.04,,,,,,,,
2.618,-0.03,,,,,,,,
2.62,-0.035,,,,,,,,
2.622,-0.03,,,,,,,,
2.624,-0.02,,,,,,,,
2.626,-0.015,,,,,,,,
2.628,-0.01,,,,,,,,
2.63,-0.025,,,,,,,,
2.632,-0.035,,,,,,,,
2.634,-0.055,,,,,,,,
2.636,-0.055,,,,,,,,
2.638,-0.05,,,,,,,,
2.64,-0.04,,,,,,,,
2.642,-0.025,,,,,,,,
2.644,-0.015,,,,,,,,
2.646,-0.02,,,,,,,,
2.648,-0.01,,,,,,,,
2.65,-0.025,,,,,,,,
2.652,-0.03,,,,,,,,
2.654,-0.035,,,,,,,,
2.656,-0.05,,,,,,,,
2.658,-0.055,,,,,,,,
2.66,-0.04,,,,,,,,
2.662,-0.04,,,,,,,,
2.664,-0.02,,,,,,,,
2.666,-0.015,,,,,,,,
2.668,-0.02,,,,,,,,
2.67,-0.03,,,,,,,,
2.672,-0.045,,,,,,,,
2.674,-0.05,,,,,,,,
2.676,-0.055,,,,,,,,
2.678,-0.055,,,,,,,,
2.68,-0.05,,,,,,,,
2.682,-0.02,,,,,,,,
2.684,-0.025,,,,,,,,
2.686,-0.025,,,,,,,,
2.688,-0.015,,,,,,,,
2.69,-0.035,,,,,,,,
2.692,-0.04,,,,,,,,
2.694,-0.04,,,,,,,,
2.696,-0.04,,,,,,,,
2.698,-0.04,,,,,,,,
2.7,-0.025,,,,,,,,
2.702,-0.035,,,,,,,,
2.704,-0.03,,,,,,,,
2.706,-0.025,,,,,,,,
2.708,-0.03,,,,,,,,
2.71,-0.045,,,,,,,,
2.712,-0.06,,,,,,,,
2.714,-0.06,,,,,,,,
2.716,-0.065,,,,,,,,
2.718,-0.06,,,,,,,,
2.72,-0.04,,,,,,,,
2.722,-0.03,,,,,,,,
2.724,-0.035,,,,,,,,
2.726,-0.03,,,,,,,,
2.728,-0.025,,,,,,,,
2.73,-0.045,,,,,,,,
2.732,-0.045,,,,,,,,
2.734,-0.065,,,,,,,,
2.736,-0.07,,,,,,,,
2.738,-0.065,,,,,,,,
2.74,-0.055,,,,,,,,
2.742,-0.05,,,,,,,,
2.744,-0.035,,,,,,,,
2.746,-0.03,,,,,,,,
2.748,-0.03,,,,,,,,
2.75,-0.045,,,,,,,,
2.752,-0.06,,,,,,,,
2.754,-0.065,,,,,,,,
2.756,-0.075,,,,,,,,
2.758,-0.07,,,,,,,,
2.76,-0.05,,,,,,,,
2.762,-0.05,,,,,,,,
2.764,-0.04,,,,,,,,
2.766,-0.03,,,,,,,,
2.768,-0.04,,,,,,,,
2.77,-0.045,,,,,,,,
2.772,-0.06,,,,,,,,
2.774,-0.06,,,,,,,,
2.776,-0.065,,,,,,,,
2.778,-0.075,,,,,,,,
2.78,-0.07,,,,,,,,
2.782,-0.06,,,,,,,,
2.784,-0.055,,,,,,,,
2.786,-0.045,,,,,,,,
2.788,-0.05,,,,,,,,
2.79,-0.055,,,,,,,,
2.792,-0.065,,,,,,,,
2.794,-0.065,,,,,,,,
2.796,-0.08,,,,,,,,
2.798,-0.065,,,,,,,,
2.8,-0.055,,,,,,,,
2.802,-0.04,,,,,,,,
2.804,-0.04,,,,,,,,
2.806,-0.03,,,,,,,,
2.808,-0.035,,,,,,,,
2.81,-0.05,,,,,,,,
2.812,-0.075,,,,,,,,
2.814,-0.075,,,,,,,,
2.816,-0.095,,,,,,,,
2.818,-0.09,,,,,,,,
2.82,-0.065,,,,,,,,
2.822,-0.055,,,,,,,,
2.824,-0.045,,,,,,,,
2.826,-0.045,,,,,,,,
2.828,-0.055,,,,,,,,
2.83,-0.07,,,,,,,,
2.832,-0.08,,,,,,,,
2.834,-0.075,,,,,,,,
2.836,-0.075,,,,,,,,
2.838,-0.065,,,,,,,,
2.84,-0.06,,,,,,,,
2.842,-0.055,,,,,,,,
2.844,-0.045,,,,,,,,
2.846,-0.04,,,,,,,,
2.848,-0.04,,,,,,,,
2.85,-0.055,,,,,,,,
2.852,-0.075,,,,,,,,
2.854,-0.075,,,,,,,,
2.856,-0.08,,,,,,,,
2.858,-0.065,,,,,,,,
2.86,-0.06,,,,,,,,
2.862,-0.055,,,,,,,,
2.864,-0.06,,,,,,,,
2.866,-0.045,,,,,,,,
2.868,-0.065,,,,,,,,
2.87,-0.075,,,,,,,,
2.872,-0.085,,,,,,,,
2.874,-0.09,,,,,,,,
2.876,-0.09,,,,,,,,
2.878,-0.075,,,,,,,,
2.88,-0.055,,,,,,,,
2.882,-0.03,,,,,,,,
2.884,-0.025,,,,,,,,
2.886,-0.045,,,,,,,,
2.888,-0.065,,,,,,,,
2.89,-0.075,,,,,,,,
2.892,-0.085,,,,,,,,
2.894,-0.09,,,,,,,,
2.896,-0.1,,,,,,,,
2.898,-0.085,,,,,,,,
2.9,-0.07,,,,,,,,
2.902,-0.06,,,,,,,,
2.904,-0.045,,,,,,,,
2.906,-0.04,,,,,,,,
2.908,-0.06,,,,,,,,
2.91,-0.07,,,,,,,,
2.912,-0.075,,,,,,,,
2.914,-0.085,,,,,,,,
2.916,-0.085,,,,,,,,
2.918,-0.07,,,,,,,,
2.92,-0.06,,,,,,,,
2.922,-0.06,,,,,,,,
2.924,-0.055,,,,,,,,
2.926,-0.05,,,,,,,,
2.928,-0.065,,,,,,,,
2.93,-0.075,,,,,,,,
2.932,-0.075,,,,,,,,
2.934,-0.08,,,,,,,,
2.936,-0.07,,,,,,,,
2.938,-0.06,,,,,,,,
2.94,-0.055,,,,,,,,
2.942,-0.055,,,,,,,,
2.944,-0.045,,,,,,,,
2.946,-0.04,,,,,,,,
2.948,-0.065,,,,,,,,
2.95,-0.08,,,,,,,,
2.952,-0.09,,,,,,,,
2.954,-0.07,,,,,,,,
2.956,-0.08,,,,,,,,
2.958,-0.07,,,,,,,,
2.96,-0.05,,,,,,,,
2.962,-0.045,,,,,,,,
2.964,-0.05,,,,,,,,
2.966,-0.045,,,,,,,,
2.968,-0.055,,,,,,,,
2.97,-0.07,,,,,,,,
2.972,-0.075,,,,,,,,
2.974,-0.07,,,,,,,,
2.976,-0.065,,,,,,,,
2.978,-0.06,,,,,,,,
2.98,-0.055,,,,,,,,
2.982,-0.055,,,,,,,,
2.984,-0.04,,,,,,,,
2.986,-0.045,,,,,,,,
2.988,-0.06,,,,,,,,
2.99,-0.055,,,,,,,,
2.992,-0.05,,,,,,,,
2.994,-0.065,,,,,,,,
2.996,-0.055,,,,,,,,
2.998,-0.04,,,,,,,,
3,-0.035,,,,,,,,
3.002,-0.015,,,,,,,,
3.004,-0.02,,,,,,,,
3.006,-0.03,,,,,,,,
3.008,-0.035,,,,,,,,
3.01,-0.05,,,,,,,,
3.012,-0.05,,,,,,,,
3.014,-0.05,,,,,,,,
3.016,-0.05,,,,,,,,
3.018,-0.04,,,,,,,,
3.02,-0.02,,,,,,,,
3.022,0.005,,,,,,,,
3.024,0.01,,,,,,,,
3.026,0.015,,,,,,,,
3.028,0,,,,,,,,
3.03,0,,,,,,,,
3.032,-0.015,,,,,,,,
3.034,-0.02,,,,,,,,
3.036,-0.02,,,,,,,,
3.038,-0.02,,,,,,,,
3.04,-0.005,,,,,,,,
3.042,0.01,,,,,,,,
3.044,0.045,,,,,,,,
3.046,0.025,,,,,,,,
3.048,0.005,,,,,,,,
3.05,0,,,,,,,,
3.052,-0.025,,,,,,,,
3.054,-0.045,,,,,,,,
3.056,-0.04,,,,,,,,
3.058,-0.025,,,,,,,,
3.06,-0.025,,,,,,,,
3.062,-0.03,,,,,,,,
3.064,-0.03,,,,,,,,
3.066,-0.05,,,,,,,,
3.068,-0.06,,,,,,,,
3.07,-0.075,,,,,,,,
3.072,-0.085,,,,,,,,
3.074,-0.09,,,,,,,,
3.076,-0.09,,,,,,,,
3.078,-0.07,,,,,,,,
3.08,-0.07,,,,,,,,
3.082,-0.055,,,,,,,,
3.084,-0.045,,,,,,,,
3.086,-0.055,,,,,,,,
3.088,-0.07,,,,,,,,
3.09,-0.08,,,,,,,,
3.092,-0.08,,,,,,,,
3.094,-0.09,,,,,,,,
3.096,-0.09,,,,,,,,
3.098,-0.08,,,,,,,,
3.1,-0.06,,,,,,,,
3.102,-0.06,,,,,,,,
3.104,-0.06,,,,,,,,
3.106,-0.08,,,,,,,,
3.108,-0.08,,,,,,,,
3.11,-0.085,,,,,,,,
3.112,-0.105,,,,,,,,
3.114,-0.11,,,,,,,,
3.116,-0.1,,,,,,,,
3.118,-0.08,,,,,,,,
3.12,-0.075,,,,,,,,
3.122,-0.065,,,,,,,,
3.124,-0.055,,,,,,,,
3.126,-0.07,,,,,,,,
3.128,-0.085,,,,,,,,
3.13,-0.1,,,,,,,,
3.132,-0.11,,,,,,,,
3.134,-0.105,,,,,,,,
3.136,-0.09,,,,,,,,
3.138,-0.085,,,,,,,,
3.14,-0.08,,,,,,,,
3.142,-0.075,,,,,,,,
3.144,-0.05,,,,,,,,
3.146,-0.08,,,,,,,,
3.148,-0.085,,,,,,,,
3.15,-0.09,,,,,,,,
3.152,-0.11,,,,,,,,
3.154,-0.12,,,,,,,,
3.156,-0.105,,,,,,,,
3.158,-0.095,,,,,,,,
3.16,-0.1,,,,,,,,
3.162,-0.1,,,,,,,,
3.164,-0.105,,,,,,,,
3.166,-0.125,,,,,,,,
3.168,-0.13,,,,,,,,
3.17,-0.125,,,,,,,,
3.172,-0.125,,,,,,,,
3.174,-0.09,,,,,,,,
3.176,-0.02,,,,,,,,
3.178,0.045,,,,,,,,
3.18,0.095,,,,,,,,
3.182,0.155,,,,,,,,
3.184,0.235,,,,,,,,
3.186,0.275,,,,,,,,
3.188,0.36,,,,,,,,
3.19,0.46,,,,,,,,
3.192,0.59,,,,,,,,
3.194,0.67,,,,,,,,
3.196,0.675,,,,,,,,
3.198,0.675,,,,,,,,
3.2,0.62,,,,,,,,
3.202,0.575,,,,,,,,
3.204,0.465,,,,,,,,
3.206,0.38,,,,,,,,
3.208,0.27,,,,,,,,
3.21,0.135,,,,,,,,
3.212,-0.01,,,,,,,,
3.214,-0.13,,,,,,,,
3.216,-0.18,,,,,,,,
3.218,-0.185,,,,,,,,
3.22,-0.15,,,,,,,,
3.222,-0.135,,,,,,,,
3.224,-0.11,,,,,,,,
3.226,-0.085,,,,,,,,
3.228,-0.07,,,,,,,,
3.23,-0.07,,,,,,,,
3.232,-0.075,,,,,,,,
3.234,-0.06,,,,,,,,
3.236,-0.05,,,,,,,,
3.238,-0.05,,,,,,,,
3.24,-0.035,,,,,,,,
3.242,-0.03,,,,,,,,
3.244,-0.035,,,,,,,,
3.246,-0.05,,,,,,,,
3.248,-0.06,,,,,,,,
3.25,-0.06,,,,,,,,
3.252,-0.06,,,,,,,,
3.254,-0.065,,,,,,,,
3.256,-0.05,,,,,,,,
3.258,-0.04,,,,,,,,
3.26,-0.03,,,,,,,,
3.262,-0.04,,,,,,,,
3.264,-0.03,,,,,,,,
3.266,-0.045,,,,,,,,
3.268,-0.065,,,,,,,,
3.27,-0.06,,,,,,,,
3.272,-0.065,,,,,,,,
3.274,-0.04,,,,,,,,
3.276,-0.04,,,,,,,,
3.278,-0.02,,,,,,,,
3.28,-0.01,,,,,,,,
3.282,-0.015,,,,,,,,
3.284,-0.015,,,,,,,,
3.286,-0.03,,,,,,,,
3.288,-0.045,,,,,,,,
3.29,-0.04,,,,,,,,
3.292,-0.055,,,,,,,,
3.294,-0.045,,,,,,,,
3.296,-0.03,,,,,,,,
3.298,-0.01,,,,,,,,
3.3,0.005,,,,,,,,
3.302,0.01,,,,,,,,
3.304,0,,,,,,,,
3.306,-0.025,,,,,,,,
3.308,-0.03,,,,,,,,
3.31,-0.035,,,,,,,,
3.312,-0.065,,,,,,,,
3.314,-0.04,,,,,,,,
3.316,-0.015,,,,,,,,
3.318,-0.015,,,,,,,,
3.32,-0.005,,,,,,,,
3.322,0.015,,,,,,,,
3.324,0.01,,,,,,,,
3.326,0.005,,,,,,,,
3.328,-0.005,,,,,,,,
3.33,-0.01,,,,,,,,
3.332,-0.015,,,,,,,,
3.334,0,,,,,,,,
3.336,-0.005,,,,,,,,
3.338,0,,,,,,,,
3.34,0.01,,,,,,,,
3.342,0.025,,,,,,,,
3.344,0.03,,,,,,,,
3.346,0.015,,,,,,,,
3.348,0.015,,,,,,,,
3.35,0,,,,,,,,
3.352,0.01,,,,,,,,
3.354,0.01,,,,,,,,
3.356,0.03,,,,,,,,
3.358,0.045,,,,,,,,
3.36,0.055,,,,,,,,
3.362,0.065,,,,,,,,
3.364,0.07,,,,,,,,
3.366,0.065,,,,,,,,
3.368,0.06,,,,,,,,
3.37,0.05,,,,,,,,
3.372,0.065,,,,,,,,
3.374,0.07,,,,,,,,
3.376,0.1,,,,,,,,
3.378,0.11,,,,,,,,
3.38,0.115,,,,,,,,
3.382,0.13,,,,,,,,
3.384,0.13,,,,,,,,
3.386,0.12,,,,,,,,
3.388,0.115,,,,,,,,
3.39,0.115,,,,,,,,
3.392,0.125,,,,,,,,
3.394,0.14,,,,,,,,
3.396,0.155,,,,,,,,
3.398,0.17,,,,,,,,
3.4,0.165,,,,,,,,
3.402,0.175,,,,,,,,
3.404,0.165,,,,,,,,
3.406,0.17,,,,,,,,
3.408,0.185,,,,,,,,
3.41,0.18,,,,,,,,
3.412,0.175,,,,,,,,
3.414,0.195,,,,,,,,
3.416,0.2,,,,,,,,
3.418,0.21,,,,,,,,
3.42,0.195,,,,,,,,
3.422,0.215,,,,,,,,
3.424,0.195,,,,,,,,
3.426,0.195,,,,,,,,
3.428,0.19,,,,,,,,
3.43,0.17,,,,,,,,
3.432,0.165,,,,,,,,
3.434,0.17,,,,,,,,
3.436,0.185,,,,,,,,
3.438,0.17,,,,,,,,
3.44,0.175,,,,,,,,
3.442,0.17,,,,,,,,
3.444,0.175,,,,,,,,
3.446,0.13,,,,,,,,
3.448,0.125,,,,,,,,
3.45,0.12,,,,,,,,
3.452,0.105,,,,,,,,
3.454,0.105,,,,,,,,
3.456,0.11,,,,,,,,
3.458,0.105,,,,,,,,
3.46,0.1,,,,,,,,
3.462,0.09,,,,,,,,
3.464,0.075,,,,,,,,
3.466,0.065,,,,,,,,
3.468,0.045,,,,,,,,
3.47,0.025,,,,,,,,
3.472,0.005,,,,,,,,
3.474,0.005,,,,,,,,
3.476,-0.005,,,,,,,,
3.478,0.005,,,,,,,,
3.48,0.005,,,,,,,,
3.482,0,,,,,,,,
3.484,-0.015,,,,,,,,
3.486,-0.025,,,,,,,,
3.488,-0.03,,,,,,,,
3.49,-0.045,,,,,,,,
3.492,-0.05,,,,,,,,
3.494,-0.05,,,,,,,,
3.496,-0.035,,,,,,,,
3.498,-0.035,,,,,,,,
3.5,-0.02,,,,,,,,
3.502,-0.02,,,,,,,,
3.504,-0.035,,,,,,,,
3.506,-0.04,,,,,,,,
3.508,-0.055,,,,,,,,
3.51,-0.055,,,,,,,,
3.512,-0.045,,,,,,,,
3.514,-0.04,,,,,,,,
3.516,-0.045,,,,,,,,
3.518,-0.05,,,,,,,,
3.52,-0.055,,,,,,,,
3.522,-0.055,,,,,,,,
3.524,-0.075,,,,,,,,
3.526,-0.075,,,,,,,,
3.528,-0.07,,,,,,,,
3.53,-0.075,,,,,,,,
3.532,-0.075,,,,,,,,
3.534,-0.06,,,,,,,,
3.536,-0.055,,,,,,,,
3.538,-0.055,,,,,,,,
3.54,-0.05,,,,,,,,
3.542,-0.045,,,,,,,,
3.544,-0.05,,,,,,,,
3.546,-0.06,,,,,,,,
3.548,-0.065,,,,,,,,
3.55,-0.08,,,,,,,,
3.552,-0.07,,,,,,,,
3.554,-0.06,,,,,,,,
3.556,-0.055,,,,,,,,
3.558,-0.035,,,,,,,,
3.56,-0.02,,,,,,,,
3.562,-0.025,,,,,,,,
3.564,-0.045,,,,,,,,
3.566,-0.07,,,,,,,,
3.568,-0.07,,,,,,,,
3.57,-0.075,,,,,,,,
3.572,-0.055,,,,,,,,
3.574,-0.045,,,,,,,,
3.576,-0.02,,,,,,,,
3.578,-0.035,,,,,,,,
3.58,-0.025,,,,,,,,
3.582,-0.025,,,,,,,,
3.584,-0.04,,,,,,,,
3.586,-0.055,,,,,,,,
3.588,-0.065,,,,,,,,
3.59,-0.07,,,,,,,,
3.592,-0.065,,,,,,,,
3.594,-0.045,,,,,,,,
3.596,-0.04,,,,,,,,
3.598,-0.04,,,,,,,,
3.6,-0.025,,,,,,,,
3.602,-0.01,,,,,,,,
3.604,-0.035,,,,,,,,
3.606,-0.045,,,,,,,,
3.608,-0.05,,,,,,,,
3.61,-0.065,,,,,,,,
3.612,-0.065,,,,,,,,
3.614,-0.05,,,,,,,,
3.616,-0.035,,,,,,,,
3.618,-0.035,,,,,,,,
3.62,-0.02,,,,,,,,
3.622,-0.015,,,,,,,,
3.624,-0.03,,,,,,,,
3.626,-0.035,,,,,,,,
3.628,-0.045,,,,,,,,
3.63,-0.05,,,,,,,,
3.632,-0.05,,,,,,,,
3.634,-0.03,,,,,,,,
3.636,-0.03,,,,,,,,
3.638,-0.03,,,,,,,,
3.64,-0.025,,,,,,,,
3.642,-0.01,,,,,,,,
3.644,-0.04,,,,,,,,
3.646,-0.035,,,,,,,,
3.648,-0.04,,,,,,,,
3.65,-0.05,,,,,,,,
3.652,-0.035,,,,,,,,
3.654,-0.035,,,,,,,,
3.656,-0.015,,,,,,,,
3.658,-0.025,,,,,,,,
3.66,-0.015,,,,,,,,
3.662,-0.015,,,,,,,,
3.664,-0.025,,,,,,,,
3.666,-0.04,,,,,,,,
3.668,-0.04,,,,,,,,
3.67,-0.05,,,,,,,,
3.672,-0.055,,,,,,,,
3.674,-0.04,,,,,,,,
3.676,-0.03,,,,,,,,
3.678,-0.025,,,,,,,,
3.68,-0.025,,,,,,,,
3.682,-0.03,,,,,,,,
3.684,-0.035,,,,,,,,
3.686,-0.06,,,,,,,,
3.688,-0.06,,,,,,,,
3.69,-0.07,,,,,,,,
3.692,-0.06,,,,,,,,
3.694,-0.035,,,,,,,,
3.696,-0.03,,,,,,,,
3.698,-0.01,,,,,,,,
3.7,-0.025,,,,,,,,
3.702,-0.025,,,,,,,,
3.704,-0.04,,,,,,,,
3.706,-0.055,,,,,,,,
3.708,-0.07,,,,,,,,
3.71,-0.075,,,,,,,,
3.712,-0.04,,,,,,,,
3.714,-0.045,,,,,,,,
3.716,-0.04,,,,,,,,
3.718,-0.045,,,,,,,,
3.72,-0.03,,,,,,,,
3.722,-0.035,,,,,,,,
3.724,-0.05,,,,,,,,
3.726,-0.055,,,,,,,,
3.728,-0.065,,,,,,,,
3.73,-0.07,,,,,,,,
3.732,-0.065,,,,,,,,
3.734,-0.06,,,,,,,,
3.736,-0.05,,,,,,,,
3.738,-0.04,,,,,,,,
3.74,-0.03,,,,,,,,
3.742,-0.045,,,,,,,,
3.744,-0.055,,,,,,,,
3.746,-0.05,,,,,,,,
3.748,-0.06,,,,,,,,
3.75,-0.07,,,,,,,,
3.752,-0.045,,,,,,,,
3.754,-0.04,,,,,,,,
3.756,-0.03,,,,,,,,
3.758,-0.025,,,,,,,,
3.76,-0.04,,,,,,,,
3.762,-0.04,,,,,,,,
3.764,-0.055,,,,,,,,
3.766,-0.055,,,,,,,,
3.768,-0.065,,,,,,,,
3.77,-0.065,,,,,,,,
3.772,-0.065,,,,,,,,
3.774,-0.06,,,,,,,,
3.776,-0.025,,,,,,,,
3.778,-0.03,,,,,,,,
3.78,-0.015,,,,,,,,
3.782,-0.04,,,,,,,,
3.784,-0.06,,,,,,,,
3.786,-0.065,,,,,,,,
3.788,-0.07,,,,,,,,
3.79,-0.075,,,,,,,,
3.792,-0.06,,,,,,,,
3.794,-0.05,,,,,,,,
3.796,-0.025,,,,,,,,
3.798,-0.025,,,,,,,,
3.8,-0.025,,,,,,,,
3.802,-0.03,,,,,,,,
3.804,-0.045,,,,,,,,
3.806,-0.055,,,,,,,,
3.808,-0.06,,,,,,,,
3.81,-0.08,,,,,,,,
3.812,-0.075,,,,,,,,
3.814,-0.07,,,,,,,,
3.816,-0.06,,,,,,,,
3.818,-0.035,,,,,,,,
3.82,-0.035,,,,,,,,
3.822,-0.055,,,,,,,,
3.824,-0.055,,,,,,,,
3.826,-0.065,,,,,,,,
3.828,-0.075,,,,,,,,
3.83,-0.075,,,,,,,,
3.832,-0.065,,,,,,,,
3.834,-0.045,,,,,,,,
3.836,-0.035,,,,,,,,
3.838,-0.025,,,,,,,,
3.84,-0.035,,,,,,,,
3.842,-0.035,,,,,,,,
3.844,-0.04,,,,,,,,
3.846,-0.045,,,,,,,,
3.848,-0.06,,,,,,,,
3.85,-0.06,,,,,,,,
3.852,-0.04,,,,,,,,
3.854,-0.035,,,,,,,,
3.856,-0.03,,,,,,,,
3.858,-0.02,,,,,,,,
3.86,-0.015,,,,,,,,
3.862,-0.03,,,,,,,,
3.864,-0.035,,,,,,,,
3.866,-0.04,,,,,,,,
3.868,-0.05,,,,,,,,
3.87,-0.045,,,,,,,,
3.872,-0.05,,,,,,,,
3.874,-0.025,,,,,,,,
3.876,0.005,,,,,,,,
3.878,0.01,,,,,,,,
3.88,0.02,,,,,,,,
3.882,0.03,,,,,,,,
3.884,0.035,,,,,,,,
3.886,0.03,,,,,,,,
3.888,0.035,,,,,,,,
3.89,0.025,,,,,,,,
3.892,0.04,,,,,,,,
3.894,0.045,,,,,,,,
3.896,0.055,,,,,,,,
3.898,0.065,,,,,,,,
3.9,0.075,,,,,,,,
3.902,0.065,,,,,,,,
3.904,0.055,,,,,,,,
3.906,0.045,,,,,,,,
3.908,0.04,,,,,,,,
3.91,0.055,,,,,,,,
3.912,0.065,,,,,,,,
3.914,0.09,,,,,,,,
3.916,0.105,,,,,,,,
3.918,0.125,,,,,,,,
3.92,0.13,,,,,,,,
3.922,0.095,,,,,,,,
3.924,0.09,,,,,,,,
3.926,0.1,,,,,,,,
3.928,0.09,,,,,,,,
3.93,0.095,,,,,,,,
3.932,0.1,,,,,,,,
3.934,0.11,,,,,,,,
3.936,0.125,,,,,,,,
3.938,0.135,,,,,,,,
3.94,0.145,,,,,,,,
3.942,0.145,,,,,,,,
3.944,0.13,,,,,,,,
3.946,0.135,,,,,,,,
3.948,0.12,,,,,,,,
3.95,0.125,,,,,,,,
3.952,0.125,,,,,,,,
3.954,0.135,,,,,,,,
3.956,0.145,,,,,,,,
3.958,0.155,,,,,,,,
3.96,0.17,,,,,,,,
3.962,0.16,,,,,,,,
3.964,0.165,,,,,,,,
3.966,0.165,,,,,,,,
3.968,0.155,,,,,,,,
3.97,0.155,,,,,,,,
3.972,0.16,,,,,,,,
3.974,0.155,,,,,,,,
3.976,0.165,,,,,,,,
3.978,0.18,,,,,,,,
3.98,0.165,,,,,,,,
3.982,0.16,,,,,,,,
3.984,0.16,,,,,,,,
3.986,0.16,,,,,,,,
3.988,0.14,,,,,,,,
3.99,0.13,,,,,,,,
3.992,0.14,,,,,,,,
3.994,0.14,,,,,,,,
3.996,0.135,,,,,,,,
3.998,0.135,,,,,,,,
4,0.13,,,,,,,,
4.002,0.11,,,,,,,,
4.004,0.11,,,,,,,,
4.006,0.095,,,,,,,,
4.008,0.09,,,,,,,,
4.01,0.095,,,,,,,,
4.012,0.105,,,,,,,,
4.014,0.12,,,,,,,,
4.016,0.125,,,,,,,,
4.018,0.12,,,,,,,,
4.02,0.11,,,,,,,,
4.022,0.105,,,,,,,,
4.024,0.09,,,,,,,,
4.026,0.085,,,,,,,,
4.028,0.07,,,,,,,,
4.03,0.085,,,,,,,,
4.032,0.105,,,,,,,,
4.034,0.1,,,,,,,,
4.036,0.105,,,,,,,,
4.038,0.1,,,,,,,,
4.04,0.095,,,,,,,,
4.042,0.08,,,,,,,,
4.044,0.07,,,,,,,,
4.046,0.075,,,,,,,,
4.048,0.055,,,,,,,,
4.05,0.07,,,,,,,,
4.052,0.07,,,,,,,,
4.054,0.08,,,,,,,,
4.056,0.085,,,,,,,,
4.058,0.1,,,,,,,,
4.06,0.085,,,,,,,,
4.062,0.065,,,,,,,,
4.064,0.06,,,,,,,,
4.066,0.05,,,,,,,,
4.068,0.05,,,,,,,,
4.07,0.055,,,,,,,,
4.072,0.07,,,,,,,,
4.074,0.08,,,,,,,,
4.076,0.085,,,,,,,,
4.078,0.085,,,,,,,,
4.08,0.07,,,,,,,,
4.082,0.065,,,,,,,,
4.084,0.065,,,,,,,,
4.086,0.045,,,,,,,,
4.088,0.065,,,,,,,,
4.09,0.065,,,,,,,,
4.092,0.065,,,,,,,,
4.094,0.07,,,,,,,,
4.096,0.06,,,,,,,,
4.098,0.07,,,,,,,,
4.1,0.06,,,,,,,,
4.102,0.035,,,,,,,,
4.104,0.03,,,,,,,,
4.106,0.04,,,,,,,,
4.108,0.055,,,,,,,,
4.11,0.085,,,,,,,,
4.112,0.13,,,,,,,,
4.114,0.185,,,,,,,,
4.116,0.235,,,,,,,,
4.118,0.29,,,,,,,,
4.12,0.33,,,,,,,,
4.122,0.395,,,,,,,,
4.124,0.5,,,,,,,,
4.126,0.605,,,,,,,,
4.128,0.705,,,,,,,,
4.13,0.755,,,,,,,,
4.132,0.755,,,,,,,,
4.134,0.74,,,,,,,,
4.136,0.695,,,,,,,,
4.138,0.615,,,,,,,,
4.14,0.515,,,,,,,,
4.142,0.43,,,,,,,,
4.144,0.325,,,,,,,,
4.146,0.19,,,,,,,,
4.148,0.07,,,,,,,,
4.15,-0.015,,,,,,,,
4.152,-0.045,,,,,,,,
4.154,-0.04,,,,,,,,
4.156,-0.02,,,,,,,,
4.158,0.015,,,,,,,,
4.16,0.025,,,,,,,,
4.162,0.025,,,,,,,,
4.164,0.04,,,,,,,,
4.166,0.06,,,,,,,,
4.168,0.085,,,,,,,,
4.17,0.09,,,,,,,,
4.172,0.1,,,,,,,,
4.174,0.12,,,,,,,,
4.176,0.11,,,,,,,,
4.178,0.09,,,,,,,,
4.18,0.075,,,,,,,,
4.182,0.07,,,,,,,,
4.184,0.065,,,,,,,,
4.186,0.07,,,,,,,,
4.188,0.07,,,,,,,,
4.19,0.085,,,,,,,,
4.192,0.09,,,,,,,,
4.194,0.105,,,,,,,,
4.196,0.105,,,,,,,,
4.198,0.11,,,,,,,,
4.2,0.095,,,,,,,,
4.202,0.095,,,,,,,,
4.204,0.085,,,,,,,,
4.206,0.085,,,,,,,,
4.208,0.085,,,,,,,,
4.21,0.1,,,,,,,,
4.212,0.11,,,,,,,,
4.214,0.12,,,,,,,,
4.216,0.13,,,,,,,,
4.218,0.11,,,,,,,,
4.22,0.09,,,,,,,,
4.222,0.075,,,,,,,,
4.224,0.07,,,,,,,,
4.226,0.07,,,,,,,,
4.228,0.075,,,,,,,,
4.23,0.095,,,,,,,,
4.232,0.115,,,,,,,,
4.234,0.125,,,,,,,,
4.236,0.13,,,,,,,,
4.238,0.125,,,,,,,,
4.24,0.115,,,,,,,,
4.242,0.105,,,,,,,,
4.244,0.1,,,,,,,,
4.246,0.105,,,,,,,,
4.248,0.11,,,,,,,,
4.25,0.12,,,,,,,,
4.252,0.125,,,,,,,,
4.254,0.125,,,,,,,,
4.256,0.13,,,,,,,,
4.258,0.13,,,,,,,,
4.26,0.105,,,,,,,,
4.262,0.105,,,,,,,,
4.264,0.12,,,,,,,,
4.266,0.105,,,,,,,,
4.268,0.11,,,,,,,,
4.27,0.12,,,,,,,,
4.272,0.13,,,,,,,,
4.274,0.145,,,,,,,,
4.276,0.165,,,,,,,,
4.278,0.15,,,,,,,,
4.28,0.14,,,,,,,,
4.282,0.13,,,,,,,,
4.284,0.125,,,,,,,,
4.286,0.13,,,,,,,,
4.288,0.13,,,,,,,,
4.29,0.14,,,,,,,,
4.292,0.14,,,,,,,,
4.294,0.145,,,,,,,,
4.296,0.165,,,,,,,,
4.298,0.17,,,,,,,,
4.3,0.16,,,,,,,,
4.302,0.16,,,,,,,,
4.304,0.165,,,,,,,,
4.306,0.16,,,,,,,,
4.308,0.185,,,,,,,,
4.31,0.18,,,,,,,,
4.312,0.195,,,,,,,,
4.314,0.2,,,,,,,,
4.316,0.21,,,,,,,,
4.318,0.205,,,,,,,,
4.32,0.2,,,,,,,,
4.322,0.2,,,,,,,,
4.324,0.2,,,,,,,,
4.326,0.2,,,,,,,,
4.328,0.215,,,,,,,,
4.33,0.225,,,,,,,,
4.332,0.25,,,,,,,,
4.334,0.26,,,,,,,,
4.336,0.27,,,,,,,,
4.338,0.255,,,,,,,,
4.34,0.255,,,,,,,,
4.342,0.26,,,,,,,,
4.344,0.26,,,,,,,,
4.346,0.245,,,,,,,,
4.348,0.26,,,,,,,,
4.35,0.27,,,,,,,,
4.352,0.265,,,,,,,,
4.354,0.27,,,,,,,,
4.356,0.255,,,,,,,,
4.358,0.265,,,,,,,,
4.36,0.26,,,,,,,,
4.362,0.245,,,,,,,,
4.364,0.24,,,,,,,,
4.366,0.235,,,,,,,,
4.368,0.24,,,,,,,,
4.37,0.255,,,,,,,,
4.372,0.235,,,,,,,,
4.374,0.24,,,,,,,,
4.376,0.24,,,,,,,,
4.378,0.22,,,,,,,,
4.38,0.2,,,,,,,,
4.382,0.18,,,,,,,,
4.384,0.165,,,,,,,,
4.386,0.15,,,,,,,,
4.388,0.155,,,,,,,,
4.39,0.155,,,,,,,,
4.392,0.15,,,,,,,,
4.394,0.135,,,,,,,,
4.396,0.12,,,,,,,,
4.398,0.09,,,,,,,,
4.4,0.085,,,,,,,,
4.402,0.07,,,,,,,,
4.404,0.05,,,,,,,,
4.406,0.04,,,,,,,,
4.408,0.045,,,,,,,,
4.41,0.045,,,,,,,,
4.412,0.04,,,,,,,,
4.414,0.05,,,,,,,,
4.416,0.045,,,,,,,,
4.418,0.03,,,,,,,,
4.42,0.01,,,,,,,,
4.422,-0.005,,,,,,,,
4.424,-0.015,,,,,,,,
4.426,-0.025,,,,,,,,
4.428,-0.015,,,,,,,,
4.43,-0.01,,,,,,,,
4.432,0,,,,,,,,
4.434,0.005,,,,,,,,
4.436,0.005,,,,,,,,
4.438,-0.02,,,,,,,,
4.44,-0.03,,,,,,,,
4.442,-0.045,,,,,,,,
4.444,-0.06,,,,,,,,
4.446,-0.04,,,,,,,,
4.448,-0.04,,,,,,,,
4.45,-0.02,,,,,,,,
4.452,-0.015,,,,,,,,
4.454,-0.015,,,,,,,,
4.456,-0.01,,,,,,,,
4.458,-0.02,,,,,,,,
4.46,-0.05,,,,,,,,
4.462,-0.055,,,,,,,,
4.464,-0.075,,,,,,,,
4.466,-0.06,,,,,,,,
4.468,-0.055,,,,,,,,
4.47,-0.035,,,,,,,,
4.472,-0.03,,,,,,,,
4.474,-0.03,,,,,,,,
4.476,-0.025,,,,,,,,
4.478,-0.04,,,,,,,,
4.48,-0.06,,,,,,,,
4.482,-0.055,,,,,,,,
4.484,-0.055,,,,,,,,
4.486,-0.065,,,,,,,,
4.488,-0.06,,,,,,,,
4.49,-0.05,,,,,,,,
4.492,-0.03,,,,,,,,
4.494,-0.02,,,,,,,,
4.496,-0.02,,,,,,,,
4.498,-0.03,,,,,,,,
4.5,-0.04,,,,,,,,
4.502,-0.05,,,,,,,,
4.504,-0.065,,,,,,,,
4.506,-0.07,,,,,,,,
4.508,-0.055,,,,,,,,
4.51,-0.035,,,,,,,,
4.512,-0.025,,,,,,,,
4.514,-0.02,,,,,,,,
4.516,-0.015,,,,,,,,
4.518,-0.03,,,,,,,,
4.52,-0.045,,,,,,,,
4.522,-0.045,,,,,,,,
4.524,-0.05,,,,,,,,
4.526,-0.04,,,,,,,,
4.528,-0.025,,,,,,,,
4.53,-0.015,,,,,,,,
4.532,-0.015,,,,,,,,
4.534,0,,,,,,,,
4.536,-0.01,,,,,,,,
4.538,-0.035,,,,,,,,
4.54,-0.055,,,,,,,,
4.542,-0.04,,,,,,,,
4.544,-0.065,,,,,,,,
4.546,-0.04,,,,,,,,
4.548,-0.05,,,,,,,,
4.55,-0.035,,,,,,,,
4.552,-0.01,,,,,,,,
4.554,0.005,,,,,,,,
4.556,-0.02,,,,,,,,
4.558,-0.04,,,,,,,,
4.56,-0.04,,,,,,,,
4.562,-0.04,,,,,,,,
4.564,-0.065,,,,,,,,
4.566,-0.045,,,,,,,,
4.568,-0.035,,,,,,,,
4.57,-0.025,,,,,,,,
4.572,-0.025,,,,,,,,
4.574,-0.01,,,,,,,,
4.576,-0.015,,,,,,,,
4.578,-0.035,,,,,,,,
4.58,-0.035,,,,,,,,
4.582,-0.045,,,,,,,,
4.584,-0.05,,,,,,,,
4.586,-0.05,,,,,,,,
4.588,-0.04,,,,,,,,
4.59,-0.04,,,,,,,,
4.592,-0.045,,,,,,,,
4.594,-0.025,,,,,,,,
4.596,-0.04,,,,,,,,
4.598,-0.045,,,,,,,,
4.6,-0.055,,,,,,,,
4.602,-0.07,,,,,,,,
4.604,-0.07,,,,,,,,
4.606,-0.06,,,,,,,,
4.608,-0.045,,,,,,,,
4.61,-0.035,,,,,,,,
4.612,-0.03,,,,,,,,
4.614,-0.025,,,,,,,,
4.616,-0.025,,,,,,,,
4.618,-0.035,,,,,,,,
4.62,-0.05,,,,,,,,
4.622,-0.075,,,,,,,,
4.624,-0.1,,,,,,,,
4.626,-0.07,,,,,,,,
4.628,-0.05,,,,,,,,
4.63,-0.05,,,,,,,,
4.632,-0.04,,,,,,,,
4.634,-0.035,,,,,,,,
4.636,-0.04,,,,,,,,
4.638,-0.05,,,,,,,,
4.64,-0.06,,,,,,,,
4.642,-0.075,,,,,,,,
4.644,-0.07,,,,,,,,
4.646,-0.05,,,,,,,,
4.648,-0.05,,,,,,,,
4.65,-0.05,,,,,,,,
4.652,-0.04,,,,,,,,
4.654,-0.035,,,,,,,,
4.656,-0.045,,,,,,,,
4.658,-0.06,,,,,,,,
4.66,-0.07,,,,,,,,
4.662,-0.075,,,,,,,,
4.664,-0.08,,,,,,,,
4.666,-0.075,,,,,,,,
4.668,-0.04,,,,,,,,
4.67,-0.045,,,,,,,,
4.672,-0.04,,,,,,,,
4.674,-0.035,,,,,,,,
4.676,-0.055,,,,,,,,
4.678,-0.055,,,,,,,,
4.68,-0.065,,,,,,,,
4.682,-0.075,,,,,,,,
4.684,-0.075,,,,,,,,
4.686,-0.06,,,,,,,,
4.688,-0.065,,,,,,,,
4.69,-0.06,,,,,,,,
4.692,-0.055,,,,,,,,
4.694,-0.045,,,,,,,,
4.696,-0.045,,,,,,,,
4.698,-0.06,,,,,,,,
4.7,-0.08,,,,,,,,
4.702,-0.07,,,,,,,,
4.704,-0.075,,,,,,,,
4.706,-0.06,,,,,,,,
4.708,-0.055,,,,,,,,
4.71,-0.065,,,,,,,,
4.712,-0.045,,,,,,,,
4.714,-0.045,,,,,,,,
4.716,-0.05,,,,,,,,
4.718,-0.065,,,,,,,,
4.72,-0.065,,,,,,,,
4.722,-0.075,,,,,,,,
4.724,-0.08,,,,,,,,
4.726,-0.065,,,,,,,,
4.728,-0.055,,,,,,,,
4.73,-0.05,,,,,,,,
4.732,-0.05,,,,,,,,
4.734,-0.04,,,,,,,,
4.736,-0.06,,,,,,,,
4.738,-0.065,,,,,,,,
4.74,-0.075,,,,,,,,
4.742,-0.085,,,,,,,,
4.744,-0.08,,,,,,,,
4.746,-0.065,,,,,,,,
4.748,-0.06,,,,,,,,
4.75,-0.055,,,,,,,,
4.752,-0.05,,,,,,,,
4.754,-0.035,,,,,,,,
4.756,-0.065,,,,,,,,
4.758,-0.07,,,,,,,,
4.76,-0.055,,,,,,,,
4.762,-0.085,,,,,,,,
4.764,-0.07,,,,,,,,
4.766,-0.065,,,,,,,,
4.768,-0.045,,,,,,,,
4.77,-0.06,,,,,,,,
4.772,-0.05,,,,,,,,
4.774,-0.045,,,,,,,,
4.776,-0.07,,,,,,,,
4.778,-0.08,,,,,,,,
4.78,-0.075,,,,,,,,
4.782,-0.085,,,,,,,,
4.784,-0.09,,,,,,,,
4.786,-0.07,,,,,,,,
4.788,-0.05,,,,,,,,
4.79,-0.055,,,,,,,,
4.792,-0.045,,,,,,,,
4.794,-0.04,,,,,,,,
4.796,-0.05,,,,,,,,
4.798,-0.075,,,,,,,,
4.8,-0.075,,,,,,,,
4.802,-0.09,,,,,,,,
4.804,-0.09,,,,,,,,
4.806,-0.075,,,,,,,,
4.808,-0.07,,,,,,,,
4.81,-0.06,,,,,,,,
4.812,-0.045,,,,,,,,
4.814,-0.05,,,,,,,,
4.816,-0.065,,,,,,,,
4.818,-0.08,,,,,,,,
4.82,-0.075,,,,,,,,
4.822,-0.075,,,,,,,,
4.824,-0.065,,,,,,,,
4.826,-0.065,,,,,,,,
4.828,-0.065,,,,,,,,
4.83,-0.065,,,,,,,,
4.832,-0.05,,,,,,,,
4.834,-0.065,,,,,,,,
4.836,-0.075,,,,,,,,
4.838,-0.075,,,,,,,,
4.84,-0.075,,,,,,,,
4.842,-0.085,,,,,,,,
4.844,-0.075,,,,,,,,
4.846,-0.06,,,,,,,,
4.848,-0.04,,,,,,,,
4.85,-0.04,,,,,,,,
4.852,-0.03,,,,,,,,
4.854,-0.03,,,,,,,,
4.856,-0.045,,,,,,,,
4.858,-0.055,,,,,,,,
4.86,-0.055,,,,,,,,
4.862,-0.05,,,,,,,,
4.864,-0.045,,,,,,,,
4.866,-0.04,,,,,,,,
4.868,-0.035,,,,,,,,
4.87,-0.015,,,,,,,,
4.872,0,,,,,,,,
4.874,-0.005,,,,,,,,
4.876,-0.015,,,,,,,,
4.878,-0.02,,,,,,,,
4.88,-0.02,,,,,,,,
4.882,-0.015,,,,,,,,
4.884,0,,,,,,,,
4.886,-0.01,,,,,,,,
4.888,0.005,,,,,,,,
4.89,0.01,,,,,,,,
4.892,0.01,,,,,,,,
4.894,-0.005,,,,,,,,
4.896,-0.01,,,,,,,,
4.898,-0.015,,,,,,,,
4.9,-0.015,,,,,,,,
4.902,-0.025,,,,,,,,
4.904,-0.02,,,,,,,,
4.906,-0.01,,,,,,,,
4.908,0.01,,,,,,,,
4.91,0,,,,,,,,
4.912,-0.005,,,,,,,,
4.914,-0.03,,,,,,,,
4.916,-0.045,,,,,,,,
4.918,-0.06,,,,,,,,
4.92,-0.065,,,,,,,,
4.922,-0.08,,,,,,,,
4.924,-0.08,,,,,,,,
4.926,-0.07,,,,,,,,
4.928,-0.065,,,,,,,,
4.93,-0.05,,,,,,,,
4.932,-0.045,,,,,,,,
4.934,-0.06,,,,,,,,
4.936,-0.065,,,,,,,,
4.938,-0.075,,,,,,,,
4.94,-0.09,,,,,,,,
4.942,-0.105,,,,,,,,
4.944,-0.085,,,,,,,,
4.946,-0.065,,,,,,,,
4.948,-0.065,,,,,,,,
4.95,-0.07,,,,,,,,
4.952,-0.055,,,,,,,,
4.954,-0.06,,,,,,,,
4.956,-0.075,,,,,,,,
4.958,-0.095,,,,,,,,
4.96,-0.105,,,,,,,,
4.962,-0.12,,,,,,,,
4.964,-0.11,,,,,,,,
4.966,-0.075,,,,,,,,
4.968,-0.08,,,,,,,,
4.97,-0.07,,,,,,,,
4.972,-0.06,,,,,,,,
4.974,-0.08,,,,,,,,
4.976,-0.095,,,,,,,,
4.978,-0.11,,,,,,,,
4.98,-0.1,,,,,,,,
4.982,-0.09,,,,,,,,
4.984,-0.095,,,,,,,,
4.986,-0.085,,,,,,,,
4.988,-0.075,,,,,,,,
4.99,-0.075,,,,,,,,
4.992,-0.065,,,,,,,,
4.994,-0.08,,,,,,,,
4.996,-0.1,,,,,,,,
4.998,-0.1,,,,,,,,
5,-0.1,,,,,,,,
5.002,-0.1,,,,,,,,
5.004,-0.09,,,,,,,,
5.006,-0.09,,,,,,,,
5.008,-0.08,,,,,,,,
5.01,-0.095,,,,,,,,
5.012,-0.09,,,,,,,,
5.014,-0.1,,,,,,,,
5.016,-0.105,,,,,,,,
5.018,-0.125,,,,,,,,
5.02,-0.145,,,,,,,,
5.022,-0.145,,,,,,,,
5.024,-0.115,,,,,,,,
5.026,-0.075,,,,,,,,
5.028,-0.02,,,,,,,,
5.03,0.035,,,,,,,,
5.032,0.09,,,,,,,,
5.034,0.12,,,,,,,,
5.036,0.18,,,,,,,,
5.038,0.245,,,,,,,,
5.04,0.325,,,,,,,,
5.042,0.425,,,,,,,,
5.044,0.555,,,,,,,,
5.046,0.64,,,,,,,,
5.048,0.65,,,,,,,,
5.05,0.645,,,,,,,,
5.052,0.595,,,,,,,,
5.054,0.52,,,,,,,,
5.056,0.425,,,,,,,,
5.058,0.335,,,,,,,,
5.06,0.245,,,,,,,,
5.062,0.13,,,,,,,,
5.064,0.02,,,,,,,,
5.066,-0.09,,,,,,,,
5.068,-0.165,,,,,,,,
5.07,-0.17,,,,,,,,
5.072,-0.145,,,,,,,,
5.074,-0.125,,,,,,,,
5.076,-0.125,,,,,,,,
5.078,-0.115,,,,,,,,
5.08,-0.105,,,,,,,,
5.082,-0.095,,,,,,,,
5.084,-0.07,,,,,,,,
5.086,-0.06,,,,,,,,
5.088,-0.04,,,,,,,,
5.09,-0.04,,,,,,,,
5.092,-0.035,,,,,,,,
5.094,-0.055,,,,,,,,
5.096,-0.07,,,,,,,,
5.098,-0.085,,,,,,,,
5.1,-0.085,,,,,,,,
5.102,-0.08,,,,,,,,
5.104,-0.065,,,,,,,,
5.106,-0.05,,,,,,,,
5.108,-0.035,,,,,,,,
5.11,-0.025,,,,,,,,
5.112,-0.025,,,,,,,,
5.114,-0.03,,,,,,,,
5.116,-0.025,,,,,,,,
5.118,-0.06,,,,,,,,
5.12,-0.075,,,,,,,,
5.122,-0.07,,,,,,,,
5.124,-0.06,,,,,,,,
5.126,-0.05,,,,,,,,
5.128,-0.05,,,,,,,,
5.13,-0.03,,,,,,,,
5.132,-0.03,,,,,,,,
5.134,-0.04,,,,,,,,
5.136,-0.05,,,,,,,,
5.138,-0.05,,,,,,,,
5.14,-0.06,,,,,,,,
5.142,-0.05,,,,,,,,
5.144,-0.045,,,,,,,,
5.146,-0.03,,,,,,,,
5.148,-0.015,,,,,,,,
5.15,-0.01,,,,,,,,
5.152,-0.03,,,,,,,,
5.154,-0.035,,,,,,,,
5.156,-0.035,,,,,,,,
5.158,-0.04,,,,,,,,
5.16,-0.04,,,,,,,,
5.162,-0.03,,,,,,,,
5.164,-0.015,,,,,,,,
5.166,-0.01,,,,,,,,
5.168,-0.005,,,,,,,,
5.17,0.01,,,,,,,,
5.172,0.005,,,,,,,,
5.174,-0.02,,,,,,,,
5.176,-0.03,,,,,,,,
5.178,-0.04,,,,,,,,
5.18,-0.045,,,,,,,,
5.182,-0.045,,,,,,,,
5.184,-0.02,,,,,,,,
5.186,-0.01,,,,,,,,
5.188,0.005,,,,,,,,
5.19,0.02,,,,,,,,
5.192,0.015,,,,,,,,
5.194,0,,,,,,,,
5.196,-0.005,,,,,,,,
5.198,-0.015,,,,,,,,
5.2,-0.01,,,,,,,,
5.202,0.005,,,,,,,,
5.204,0.015,,,,,,,,
5.206,0.02,,,,,,,,
5.208,0.03,,,,,,,,
5.21,0.05,,,,,,,,
5.212,0.035,,,,,,,,
5.214,0.02,,,,,,,,
5.216,0.025,,,,,,,,
5.218,0.03,,,,,,,,
5.22,0.03,,,,,,,,
5.222,0.05,,,,,,,,
5.224,0.06,,,,,,,,
5.226,0.08,,,,,,,,
5.228,0.085,,,,,,,,
5.23,0.11,,,,,,,,
5.232,0.1,,,,,,,,
5.234,0.08,,,,,,,,
5.236,0.075,,,,,,,,
5.238,0.07,,,,,,,,
5.24,0.08,,,,,,,,
5.242,0.095,,,,,,,,
5.244,0.115,,,,,,,,
5.246,0.125,,,,,,,,
5.248,0.15,,,,,,,,
5.25,0.16,,,,,,,,
5.252,0.16,,,,,,,,
5.254,0.16,,,,,,,,
5.256,0.145,,,,,,,,
5.258,0.145,,,,,,,,
5.26,0.135,,,,,,,,
5.262,0.16,,,,,,,,
5.264,0.175,,,,,,,,
5.266,0.185,,,,,,,,
5.268,0.19,,,,,,,,
5.27,0.195,,,,,,,,
5.272,0.19,,,,,,,,
5.274,0.185,,,,,,,,
5.276,0.175,,,,,,,,
5.278,0.17,,,,,,,,
5.28,0.165,,,,,,,,
5.282,0.18,,,,,,,,
5.284,0.175,,,,,,,,
5.286,0.175,,,,,,,,
5.288,0.17,,,,,,,,
5.29,0.175,,,,,,,,
5.292,0.155,,,,,,,,
5.294,0.145,,,,,,,,
5.296,0.13,,,,,,,,
5.298,0.115,,,,,,,,
5.3,0.105,,,,,,,,
5.302,0.11,,,,,,,,
5.304,0.115,,,,,,,,
5.306,0.11,,,,,,,,
5.308,0.11,,,,,,,,
5.31,0.105,,,,,,,,
5.312,0.08,,,,,,,,
5.314,0.065,,,,,,,,
5.316,0.045,,,,,,,,
5.318,0.015,,,,,,,,
5.32,0.01,,,,,,,,
5.322,0.015,,,,,,,,
5.324,0.015,,,,,,,,
5.326,0.015,,,,,,,,
5.328,0,,,,,,,,
5.33,0.015,,,,,,,,
5.332,0.015,,,,,,,,
5.334,-0.02,,,,,,,,
5.336,-0.035,,,,,,,,
5.338,-0.045,,,,,,,,
5.34,-0.04,,,,,,,,
5.342,-0.04,,,,,,,,
5.344,-0.035,,,,,,,,
5.346,-0.04,,,,,,,,
5.348,-0.025,,,,,,,,
5.35,-0.02,,,,,,,,
5.352,-0.045,,,,,,,,
5.354,-0.05,,,,,,,,
5.356,-0.065,,,,,,,,
5.358,-0.07,,,,,,,,
5.36,-0.065,,,,,,,,
5.362,-0.045,,,,,,,,
5.364,-0.045,,,,,,,,
5.366,-0.055,,,,,,,,
5.368,-0.045,,,,,,,,
5.37,-0.045,,,,,,,,
5.372,-0.055,,,,,,,,
5.374,-0.07,,,,,,,,
5.376,-0.08,,,,,,,,
5.378,-0.085,,,,,,,,
5.38,-0.085,,,,,,,,
5.382,-0.085,,,,,,,,
5.384,-0.06,,,,,,,,
5.386,-0.065,,,,,,,,
5.388,-0.045,,,,,,,,
5.39,-0.05,,,,,,,,
5.392,-0.06,,,,,,,,
5.394,-0.075,,,,,,,,
5.396,-0.09,,,,,,,,
5.398,-0.085,,,,,,,,
5.4,-0.07,,,,,,,,
5.402,-0.065,,,,,,,,
5.404,-0.06,,,,,,,,
5.406,-0.04,,,,,,,,
5.408,-0.045,,,,,,,,
5.41,-0.05,,,,,,,,
5.412,-0.055,,,,,,,,
5.414,-0.06,,,,,,,,
5.416,-0.07,,,,,,,,
5.418,-0.08,,,,,,,,
5.42,-0.075,,,,,,,,
5.422,-0.06,,,,,,,,
5.424,-0.065,,,,,,,,
5.426,-0.05,,,,,,,,
5.428,-0.03,,,,,,,,
5.43,-0.04,,,,,,,,
5.432,-0.055,,,,,,,,
5.434,-0.055,,,,,,,,
5.436,-0.055,,,,,,,,
5.438,-0.06,,,,,,,,
5.44,-0.06,,,,,,,,
5.442,-0.045,,,,,,,,
5.444,-0.025,,,,,,,,
5.446,-0.02,,,,,,,,
5.448,-0.01,,,,,,,,
5.45,-0.025,,,,,,,,
5.452,-0.055,,,,,,,,
5.454,-0.06,,,,,,,,
5.456,-0.065,,,,,,,,
5.458,-0.065,,,,,,,,
5.46,-0.055,,,,,,,,
5.462,-0.045,,,,,,,,
5.464,-0.035,,,,,,,,
5.466,-0.025,,,,,,,,
5.468,-0.025,,,,,,,,
5.47,-0.035,,,,,,,,
5.472,-0.05,,,,,,,,
5.474,-0.045,,,,,,,,
5.476,-0.05,,,,,,,,
5.478,-0.055,,,,,,,,
5.48,-0.05,,,,,,,,
5.482,-0.04,,,,,,,,
5.484,-0.025,,,,,,,,
5.486,-0.02,,,,,,,,
5.488,-0.015,,,,,,,,
5.49,-0.02,,,,,,,,
5.492,-0.035,,,,,,,,
5.494,-0.035,,,,,,,,
5.496,-0.045,,,,,,,,
5.498,-0.055,,,,,,,,
5.5,-0.045,,,,,,,,
5.502,-0.035,,,,,,,,
5.504,-0.035,,,,,,,,
5.506,-0.03,,,,,,,,
5.508,-0.025,,,,,,,,
5.51,-0.03,,,,,,,,
5.512,-0.045,,,,,,,,
5.514,-0.04,,,,,,,,
5.516,-0.05,,,,,,,,
5.518,-0.055,,,,,,,,
5.52,-0.06,,,,,,,,
5.522,-0.04,,,,,,,,
5.524,-0.03,,,,,,,,
5.526,-0.03,,,,,,,,
5.528,-0.03,,,,,,,,
5.53,-0.05,,,,,,,,
5.532,-0.055,,,,,,,,
5.534,-0.06,,,,,,,,
5.536,-0.06,,,,,,,,
5.538,-0.07,,,,,,,,
5.54,-0.06,,,,,,,,
5.542,-0.05,,,,,,,,
5.544,-0.045,,,,,,,,
5.546,-0.04,,,,,,,,
5.548,-0.03,,,,,,,,
5.55,-0.04,,,,,,,,
5.552,-0.06,,,,,,,,
5.554,-0.06,,,,,,,,
5.556,-0.065,,,,,,,,
5.558,-0.07,,,,,,,,
5.56,-0.065,,,,,,,,
5.562,-0.055,,,,,,,,
5.564,-0.045,,,,,,,,
5.566,-0.045,,,,,,,,
5.568,-0.045,,,,,,,,
5.57,-0.055,,,,,,,,
5.572,-0.05,,,,,,,,
5.574,-0.055,,,,,,,,
5.576,-0.07,,,,,,,,
5.578,-0.07,,,,,,,,
5.58,-0.065,,,,,,,,
5.582,-0.06,,,,,,,,
5.584,-0.045,,,,,,,,
5.586,-0.04,,,,,,,,
5.588,-0.05,,,,,,,,
5.59,-0.055,,,,,,,,
5.592,-0.05,,,,,,,,
5.594,-0.06,,,,,,,,
5.596,-0.07,,,,,,,,
5.598,-0.07,,,,,,,,
5.6,-0.06,,,,,,,,
5.602,-0.055,,,,,,,,
5.604,-0.055,,,,,,,,
5.606,-0.045,,,,,,,,
5.608,-0.055,,,,,,,,
5.61,-0.065,,,,,,,,
5.612,-0.07,,,,,,,,
5.614,-0.065,,,,,,,,
5.616,-0.075,,,,,,,,
5.618,-0.085,,,,,,,,
5.62,-0.07,,,,,,,,
5.622,-0.06,,,,,,,,
5.624,-0.05,,,,,,,,
5.626,-0.05,,,,,,,,
5.628,-0.045,,,,,,,,
5.63,-0.055,,,,,,,,
5.632,-0.065,,,,,,,,
5.634,-0.055,,,,,,,,
5.636,-0.065,,,,,,,,
5.638,-0.07,,,,,,,,
5.64,-0.055,,,,,,,,
5.642,-0.055,,,,,,,,
5.644,-0.06,,,,,,,,
5.646,-0.04,,,,,,,,
5.648,-0.03,,,,,,,,
5.65,-0.05,,,,,,,,
5.652,-0.065,,,,,,,,
5.654,-0.085,,,,,,,,
5.656,-0.065,,,,,,,,
5.658,-0.07,,,,,,,,
5.66,-0.06,,,,,,,,
5.662,-0.04,,,,,,,,
5.664,-0.045,,,,,,,,
5.666,-0.045,,,,,,,,
5.668,-0.04,,,,,,,,
5.67,-0.055,,,,,,,,
5.672,-0.065,,,,,,,,
5.674,-0.08,,,,,,,,
5.676,-0.09,,,,,,,,
5.678,-0.08,,,,,,,,
5.68,-0.065,,,,,,,,
5.682,-0.05,,,,,,,,
5.684,-0.05,,,,,,,,
5.686,-0.05,,,,,,,,
5.688,-0.055,,,,,,,,
5.69,-0.07,,,,,,,,
5.692,-0.06,,,,,,,,
5.694,-0.065,,,,,,,,
5.696,-0.065,,,,,,,,
5.698,-0.08,,,,,,,,
5.7,-0.065,,,,,,,,
5.702,-0.055,,,,,,,,
5.704,-0.045,,,,,,,,
5.706,-0.045,,,,,,,,
5.708,-0.045,,,,,,,,
5.71,-0.055,,,,,,,,
5.712,-0.065,,,,,,,,
5.714,-0.065,,,,,,,,
5.716,-0.075,,,,,,,,
5.718,-0.075,,,,,,,,
5.72,-0.065,,,,,,,,
5.722,-0.04,,,,,,,,
5.724,-0.04,,,,,,,,
5.726,-0.035,,,,,,,,
5.728,-0.04,,,,,,,,
5.73,-0.045,,,,,,,,
5.732,-0.06,,,,,,,,
5.734,-0.055,,,,,,,,
5.736,-0.075,,,,,,,,
5.738,-0.07,,,,,,,,
5.74,-0.055,,,,,,,,
5.742,-0.035,,,,,,,,
5.744,-0.045,,,,,,,,
5.746,-0.045,,,,,,,,
5.748,-0.055,,,,,,,,
5.75,-0.065,,,,,,,,
5.752,-0.07,,,,,,,,
5.754,-0.075,,,,,,,,
5.756,-0.09,,,,,,,,
5.758,-0.07,,,,,,,,
5.76,-0.055,,,,,,,,
5.762,-0.05,,,,,,,,
5.764,-0.04,,,,,,,,
5.766,-0.04,,,,,,,,
5.768,-0.04,,,,,,,,
5.77,-0.065,,,,,,,,
5.772,-0.06,,,,,,,,
5.774,-0.085,,,,,,,,
5.776,-0.075,,,,,,,,
5.778,-0.075,,,,,,,,
5.78,-0.05,,,,,,,,
5.782,-0.03,,,,,,,,
5.784,-0.01,,,,,,,,
5.786,0,,,,,,,,
5.788,-0.015,,,,,,,,
5.79,-0.025,,,,,,,,
5.792,-0.04,,,,,,,,
5.794,-0.05,,,,,,,,
5.796,-0.045,,,,,,,,
5.798,-0.035,,,,,,,,
5.8,-0.02,,,,,,,,
5.802,-0.01,,,,,,,,
5.804,0,,,,,,,,
5.806,0.02,,,,,,,,
5.808,-0.01,,,,,,,,
5.81,-0.02,,,,,,,,
5.812,-0.01,,,,,,,,
5.814,-0.01,,,,,,,,
5.816,-0.015,,,,,,,,
5.818,0,,,,,,,,
5.82,0.025,,,,,,,,
5.822,0.03,,,,,,,,
5.824,0.04,,,,,,,,
5.826,0.04,,,,,,,,
5.828,0.05,,,,,,,,
5.83,0.055,,,,,,,,
5.832,0.07,,,,,,,,
5.834,0.07,,,,,,,,
5.836,0.075,,,,,,,,
5.838,0.085,,,,,,,,
5.84,0.105,,,,,,,,
5.842,0.12,,,,,,,,
5.844,0.13,,,,,,,,
5.846,0.135,,,,,,,,
5.848,0.115,,,,,,,,
5.85,0.11,,,,,,,,
5.852,0.1,,,,,,,,
5.854,0.085,,,,,,,,
5.856,0.08,,,,,,,,
5.858,0.1,,,,,,,,
5.86,0.1,,,,,,,,
5.862,0.11,,,,,,,,
5.864,0.105,,,,,,,,
5.866,0.115,,,,,,,,
5.868,0.105,,,,,,,,
5.87,0.105,,,,,,,,
5.872,0.09,,,,,,,,
5.874,0.095,,,,,,,,
5.876,0.08,,,,,,,,
5.878,0.085,,,,,,,,
5.88,0.105,,,,,,,,
5.882,0.105,,,,,,,,
5.884,0.12,,,,,,,,
5.886,0.12,,,,,,,,
5.888,0.11,,,,,,,,
5.89,0.09,,,,,,,,
5.892,0.09,,,,,,,,
5.894,0.08,,,,,,,,
5.896,0.065,,,,,,,,
5.898,0.075,,,,,,,,
5.9,0.09,,,,,,,,
5.902,0.095,,,,,,,,
5.904,0.095,,,,,,,,
5.906,0.12,,,,,,,,
5.908,0.1,,,,,,,,
5.91,0.09,,,,,,,,
5.912,0.1,,,,,,,,
5.914,0.085,,,,,,,,
5.916,0.07,,,,,,,,
5.918,0.07,,,,,,,,
5.92,0.085,,,,,,,,
5.922,0.1,,,,,,,,
5.924,0.1,,,,,,,,
5.926,0.09,,,,,,,,
5.928,0.1,,,,,,,,
5.93,0.085,,,,,,,,
5.932,0.085,,,,,,,,
5.934,0.07,,,,,,,,
5.936,0.07,,,,,,,,
5.938,0.075,,,,,,,,
5.94,0.075,,,,,,,,
5.942,0.07,,,,,,,,
5.944,0.085,,,,,,,,
5.946,0.07,,,,,,,,
5.948,0.07,,,,,,,,
5.95,0.055,,,,,,,,
5.952,0.045,,,,,,,,
5.954,0.03,,,,,,,,
5.956,0.03,,,,,,,,
5.958,0.05,,,,,,,,
5.96,0.08,,,,,,,,
5.962,0.14,,,,,,,,
5.964,0.215,,,,,,,,
5.966,0.26,,,,,,,,
5.968,0.305,,,,,,,,
5.97,0.365,,,,,,,,
5.972,0.415,,,,,,,,
5.974,0.495,,,,,,,,
5.976,0.595,,,,,,,,
5.978,0.73,,,,,,,,
5.98,0.85,,,,,,,,
5.982,0.865,,,,,,,,
5.984,0.86,,,,,,,,
5.986,0.81,,,,,,,,
5.988,0.73,,,,,,,,
5.99,0.635,,,,,,,,
5.992,0.545,,,,,,,,
5.994,0.425,,,,,,,,
5.996,0.315,,,,,,,,
5.998,0.205,,,,,,,,
6,0.09,,,,,,,,
6.002,0.01,,,,,,,,
6.004,0.01,,,,,,,,
6.006,0.04,,,,,,,,
6.008,0.03,,,,,,,,
6.01,0.04,,,,,,,,
6.012,0.05,,,,,,,,
6.014,0.07,,,,,,,,
6.016,0.09,,,,,,,,
6.018,0.115,,,,,,,,
6.02,0.12,,,,,,,,
6.022,0.13,,,,,,,,
6.024,0.13,,,,,,,,
6.026,0.12,,,,,,,,
6.028,0.11,,,,,,,,
6.03,0.105,,,,,,,,
6.032,0.095,,,,,,,,
6.034,0.085,,,,,,,,
6.036,0.09,,,,,,,,
6.038,0.1,,,,,,,,
6.04,0.105,,,,,,,,
6.042,0.11,,,,,,,,
6.044,0.125,,,,,,,,
6.046,0.125,,,,,,,,
6.048,0.11,,,,,,,,
6.05,0.105,,,,,,,,
6.052,0.105,,,,,,,,
6.054,0.085,,,,,,,,
6.056,0.09,,,,,,,,
6.058,0.105,,,,,,,,
6.06,0.105,,,,,,,,
6.062,0.11,,,,,,,,
6.064,0.115,,,,,,,,
6.066,0.12,,,,,,,,
6.068,0.105,,,,,,,,
6.07,0.095,,,,,,,,
6.072,0.095,,,,,,,,
6.074,0.085,,,,,,,,
6.076,0.095,,,,,,,,
6.078,0.11,,,,,,,,
6.08,0.12,,,,,,,,
6.082,0.125,,,,,,,,
6.084,0.135,,,,,,,,
6.086,0.145,,,,,,,,
6.088,0.13,,,,,,,,
6.09,0.11,,,,,,,,
6.092,0.105,,,,,,,,
6.094,0.11,,,,,,,,
6.096,0.115,,,,,,,,
6.098,0.13,,,,,,,,
6.1,0.125,,,,,,,,
6.102,0.145,,,,,,,,
6.104,0.16,,,,,,,,
6.106,0.15,,,,,,,,
6.108,0.135,,,,,,,,
6.11,0.12,,,,,,,,
6.112,0.12,,,,,,,,
6.114,0.12,,,,,,,,
6.116,0.12,,,,,,,,
6.118,0.135,,,,,,,,
6.12,0.145,,,,,,,,
6.122,0.165,,,,,,,,
6.124,0.175,,,,,,,,
6.126,0.165,,,,,,,,
6.128,0.16,,,,,,,,
6.13,0.165,,,,,,,,
6.132,0.165,,,,,,,,
6.134,0.15,,,,,,,,
6.136,0.145,,,,,,,,
6.138,0.155,,,,,,,,
6.14,0.155,,,,,,,,
6.142,0.155,,,,,,,,
6.144,0.16,,,,,,,,
6.146,0.145,,,,,,,,
6.148,0.165,,,,,,,,
6.15,0.175,,,,,,,,
6.152,0.165,,,,,,,,
6.154,0.155,,,,,,,,
6.156,0.175,,,,,,,,
6.158,0.19,,,,,,,,
6.16,0.2,,,,,,,,
6.162,0.225,,,,,,,,
6.164,0.22,,,,,,,,
6.166,0.23,,,,,,,,
6.168,0.23,,,,,,,,
6.17,0.24,,,,,,,,
6.172,0.23,,,,,,,,
6.174,0.225,,,,,,,,
6.176,0.245,,,,,,,,
6.178,0.255,,,,,,,,
6.18,0.26,,,,,,,,
6.182,0.29,,,,,,,,
6.184,0.285,,,,,,,,
6.186,0.27,,,,,,,,
6.188,0.265,,,,,,,,
6.19,0.295,,,,,,,,
6.192,0.315,,,,,,,,
6.194,0.3,,,,,,,,
6.196,0.3,,,,,,,,
6.198,0.3,,,,,,,,
6.2,0.31,,,,,,,,
6.202,0.325,,,,,,,,
6.204,0.32,,,,,,,,
6.206,0.325,,,,,,,,
6.208,0.315,,,,,,,,
6.21,0.315,,,,,,,,
6.212,0.305,,,,,,,,
6.214,0.3,,,,,,,,
6.216,0.305,,,,,,,,
6.218,0.315,,,,,,,,
6.22,0.31,,,,,,,,
6.222,0.31,,,,,,,,
6.224,0.305,,,,,,,,
6.226,0.295,,,,,,,,
6.228,0.285,,,,,,,,
6.23,0.27,,,,,,,,
6.232,0.24,,,,,,,,
6.234,0.225,,,,,,,,
6.236,0.22,,,,,,,,
6.238,0.22,,,,,,,,
6.24,0.22,,,,,,,,
6.242,0.21,,,,,,,,
6.244,0.195,,,,,,,,
6.246,0.165,,,,,,,,
6.248,0.15,,,,,,,,
6.25,0.14,,,,,,,,
6.252,0.135,,,,,,,,
6.254,0.1,,,,,,,,
6.256,0.1,,,,,,,,
6.258,0.095,,,,,,,,
6.26,0.12,,,,,,,,
6.262,0.105,,,,,,,,
6.264,0.1,,,,,,,,
6.266,0.08,,,,,,,,
6.268,0.05,,,,,,,,
6.27,0.035,,,,,,,,
6.272,0.025,,,,,,,,
6.274,0.015,,,,,,,,
6.276,0.005,,,,,,,,
6.278,0.02,,,,,,,,
6.28,0.02,,,,,,,,
6.282,0.02,,,,,,,,
6.284,0.03,,,,,,,,
6.286,0.015,,,,,,,,
6.288,-0.01,,,,,,,,
6.29,-0.035,,,,,,,,
6.292,-0.03,,,,,,,,
6.294,-0.02,,,,,,,,
6.296,-0.015,,,,,,,,
6.298,-0.01,,,,,,,,
6.3,0,,,,,,,,
6.302,0.005,,,,,,,,
6.304,0.005,,,,,,,,
6.306,-0.02,,,,,,,,
6.308,-0.03,,,,,,,,
6.31,-0.045,,,,,,,,
6.312,-0.04,,,,,,,,
6.314,-0.035,,,,,,,,
6.316,-0.03,,,,,,,,
6.318,-0.03,,,,,,,,
6.32,-0.015,,,,,,,,
6.322,-0.015,,,,,,,,
6.324,-0.01,,,,,,,,
6.326,-0.035,,,,,,,,
6.328,-0.045,,,,,,,,
6.33,-0.045,,,,,,,,
6.332,-0.055,,,,,,,,
6.334,-0.055,,,,,,,,
6.336,-0.03,,,,,,,,
6.338,-0.025,,,,,,,,
6.34,-0.025,,,,,,,,
6.342,-0.03,,,,,,,,
6.344,-0.04,,,,,,,,
6.346,-0.055,,,,,,,,
6.348,-0.065,,,,,,,,
6.35,-0.07,,,,,,,,
6.352,-0.075,,,,,,,,
6.354,-0.07,,,,,,,,
6.356,-0.055,,,,,,,,
6.358,-0.035,,,,,,,,
6.36,-0.03,,,,,,,,
6.362,-0.025,,,,,,,,
6.364,-0.04,,,,,,,,
6.366,-0.055,,,,,,,,
6.368,-0.07,,,,,,,,
6.37,-0.09,,,,,,,,
6.372,-0.085,,,,,,,,
6.374,-0.065,,,,,,,,
6.376,-0.06,,,,,,,,
6.378,-0.045,,,,,,,,
6.38,-0.045,,,,,,,,
6.382,-0.03,,,,,,,,
6.384,-0.04,,,,,,,,
6.386,-0.055,,,,,,,,
6.388,-0.06,,,,,,,,
6.39,-0.06,,,,,,,,
6.392,-0.07,,,,,,,,
6.394,-0.055,,,,,,,,
6.396,-0.05,,,,,,,,
6.398,-0.035,,,,,,,,
6.4,-0.03,,,,,,,,
6.402,-0.025,,,,,,,,
6.404,-0.03,,,,,,,,
6.406,-0.045,,,,,,,,
6.408,-0.05,,,,,,,,
6.41,-0.06,,,,,,,,
6.412,-0.065,,,,,,,,
6.414,-0.055,,,,,,,,
6.416,-0.045,,,,,,,,
6.418,-0.035,,,,,,,,
6.42,-0.035,,,,,,,,
6.422,-0.03,,,,,,,,
6.424,-0.05,,,,,,,,
6.426,-0.05,,,,,,,,
6.428,-0.045,,,,,,,,
6.43,-0.05,,,,,,,,
6.432,-0.055,,,,,,,,
6.434,-0.04,,,,,,,,
6.436,-0.03,,,,,,,,
6.438,-0.045,,,,,,,,
6.44,-0.04,,,,,,,,
6.442,-0.055,,,,,,,,
6.444,-0.075,,,,,,,,
6.446,-0.095,,,,,,,,
6.448,-0.1,,,,,,,,
6.45,-0.095,,,,,,,,
6.452,-0.09,,,,,,,,
6.454,-0.08,,,,,,,,
6.456,-0.08,,,,,,,,
6.458,-0.05,,,,,,,,
6.46,-0.045,,,,,,,,
6.462,-0.05,,,,,,,,
6.464,-0.05,,,,,,,,
6.466,-0.07,,,,,,,,
6.468,-0.08,,,,,,,,
6.47,-0.085,,,,,,,,
6.472,-0.095,,,,,,,,
6.474,-0.075,,,,,,,,
6.476,-0.065,,,,,,,,
6.478,-0.05,,,,,,,,
6.48,-0.045,,,,,,,,
6.482,-0.05,,,,,,,,
6.484,-0.055,,,,,,,,
6.486,-0.075,,,,,,,,
6.488,-0.08,,,,,,,,
6.49,-0.09,,,,,,,,
6.492,-0.09,,,,,,,,
6.494,-0.08,,,,,,,,
6.496,-0.08,,,,,,,,
6.498,-0.075,,,,,,,,
6.5,-0.075,,,,,,,,
6.502,-0.06,,,,,,,,
6.504,-0.075,,,,,,,,
6.506,-0.09,,,,,,,,
6.508,-0.09,,,,,,,,
6.51,-0.085,,,,,,,,
6.512,-0.095,,,,,,,,
6.514,-0.095,,,,,,,,
6.516,-0.08,,,,,,,,
6.518,-0.085,,,,,,,,
6.52,-0.09,,,,,,,,
6.522,-0.08,,,,,,,,
6.524,-0.085,,,,,,,,
6.526,-0.1,,,,,,,,
6.528,-0.13,,,,,,,,
6.53,-0.115,,,,,,,,
6.532,-0.115,,,,,,,,
6.534,-0.095,,,,,,,,
6.536,-0.09,,,,,,,,
6.538,-0.09,,,,,,,,
6.54,-0.08,,,,,,,,
6.542,-0.08,,,,,,,,
6.544,-0.085,,,,,,,,
6.546,-0.08,,,,,,,,
6.548,-0.105,,,,,,,,
6.55,-0.115,,,,,,,,
6.552,-0.115,,,,,,,,
6.554,-0.11,,,,,,,,
6.556,-0.095,,,,,,,,
6.558,-0.09,,,,,,,,
6.56,-0.08,,,,,,,,
6.562,-0.08,,,,,,,,
6.564,-0.085,,,,,,,,
6.566,-0.095,,,,,,,,
6.568,-0.1,,,,,,,,
6.57,-0.115,,,,,,,,
6.572,-0.12,,,,,,,,
6.574,-0.11,,,,,,,,
6.576,-0.115,,,,,,,,
6.578,-0.095,,,,,,,,
6.58,-0.08,,,,,,,,
6.582,-0.08,,,,,,,,
6.584,-0.085,,,,,,,,
6.586,-0.1,,,,,,,,
6.588,-0.115,,,,,,,,
6.59,-0.105,,,,,,,,
6.592,-0.115,,,,,,,,
6.594,-0.11,,,,,,,,
6.596,-0.115,,,,,,,,
6.598,-0.1,,,,,,,,
6.6,-0.1,,,,,,,,
6.602,-0.095,,,,,,,,
6.604,-0.095,,,,,,,,
6.606,-0.11,,,,,,,,
6.608,-0.11,,,,,,,,
6.61,-0.12,,,,,,,,
6.612,-0.105,,,,,,,,
6.614,-0.085,,,,,,,,
6.616,-0.09,,,,,,,,
6.618,-0.08,,,,,,,,
6.62,-0.095,,,,,,,,
6.622,-0.095,,,,,,,,
6.624,-0.1,,,,,,,,
6.626,-0.125,,,,,,,,
6.628,-0.12,,,,,,,,
6.63,-0.125,,,,,,,,
6.632,-0.1,,,,,,,,
6.634,-0.09,,,,,,,,
6.636,-0.105,,,,,,,,
6.638,-0.105,,,,,,,,
6.64,-0.085,,,,,,,,
6.642,-0.08,,,,,,,,
6.644,-0.09,,,,,,,,
6.646,-0.11,,,,,,,,
6.648,-0.1,,,,,,,,
6.65,-0.105,,,,,,,,
6.652,-0.12,,,,,,,,
6.654,-0.1,,,,,,,,
6.656,-0.095,,,,,,,,
6.658,-0.085,,,,,,,,
6.66,-0.085,,,,,,,,
6.662,-0.085,,,,,,,,
6.664,-0.095,,,,,,,,
6.666,-0.11,,,,,,,,
6.668,-0.11,,,,,,,,
6.67,-0.115,,,,,,,,
6.672,-0.11,,,,,,,,
6.674,-0.075,,,,,,,,
6.676,-0.07,,,,,,,,
6.678,-0.065,,,,,,,,
6.68,-0.055,,,,,,,,
6.682,-0.045,,,,,,,,
6.684,-0.07,,,,,,,,
6.686,-0.08,,,,,,,,
6.688,-0.08,,,,,,,,
6.69,-0.08,,,,,,,,
6.692,-0.085,,,,,,,,
6.694,-0.08,,,,,,,,
6.696,-0.07,,,,,,,,
6.698,-0.07,,,,,,,,
6.7,-0.055,,,,,,,,
6.702,-0.045,,,,,,,,
6.704,-0.055,,,,,,,,
6.706,-0.065,,,,,,,,
6.708,-0.065,,,,,,,,
6.71,-0.065,,,,,,,,
6.712,-0.045,,,,,,,,
6.714,-0.05,,,,,,,,
6.716,-0.025,,,,,,,,
6.718,-0.04,,,,,,,,
6.72,-0.01,,,,,,,,
6.722,-0.035,,,,,,,,
6.724,-0.04,,,,,,,,
6.726,-0.05,,,,,,,,
6.728,-0.055,,,,,,,,
6.73,-0.065,,,,,,,,
6.732,-0.055,,,,,,,,
6.734,-0.045,,,,,,,,
6.736,-0.045,,,,,,,,
6.738,-0.05,,,,,,,,
